bsr,basin,action_id,action_type,action_definition,action_benefit_score,condition_review_count,vulnerability_review_count,benefit_score_label,benefit_rank_within_bsr
CC1,Catherine Creek,1,Protect Land (Easement and Acquisition),Protect land and water with positive habitat value through conservation easements or title acquisition. Does not include water acquisition or leases.,0.8351794249878134,2,6,Protect Land (Easement and Acquisition) action alignment score,5
CC1,Catherine Creek,2,Instream Complexity Improvement,"Improve the complexity of the river below the ordinary high-water mark or bankfull stage. Action types may include placing large wood or boulders, gravel augmentation, riffle construction, pool construction, or channel reconstruction including channel remeandering and realignment, and developing new channels.",1.2425002389000448,2,6,Instream Complexity Improvement action alignment score,4
CC1,Catherine Creek,3,Floodplain – Reconnect and Restore,"Actions that add complexity or improve connectivity within the current floodplain, or expand the floodplain area. Actions that improve the current floodplain may include vegetation or topography modifications, wetland enhancement, and beaver restoration. Actions that expand the floodplain may include levee modification and infrastructure modification/removal or instream modification intended to encourage floodplain reconnection. Actions may also add complexity to the floodplain through wood and other habitat feature additions.",1.635210016316529,2,6,Floodplain – Reconnect and Restore action alignment score,1
CC1,Catherine Creek,4,Riparian Vegetation Restoration,"Restoration of riparian vegetation through protection actions (e.g., riparian fencing, off-site stock water, non-native plant removal) or planting and establishment of new riparian or aquatic plants.",1.429006324714435,2,6,Riparian Vegetation Restoration action alignment score,2
CC1,Catherine Creek,5,Fish Passage – Barrier Removal and Replacement,Removal or replacement of in-stream structures that impede fish passage and improve access for fish. Common examples include irrigation diversion structures and culvert removal or replacements. Actions in this category may address partial or full fish passage barriers,0.643075807170961,2,6,Fish Passage – Barrier Removal and Replacement action alignment score,6
CC1,Catherine Creek,6,Instream Flow Restoration,Actions that increase flow amounts including actions such as acquiring/leasing instream flow rights or irrigation system upgrades that reduce irrigation withdrawal needs.,1.3183342920199215,2,6,Instream Flow Restoration action alignment score,3
CC1,Catherine Creek,7,"Thermal Refuge Enhancement (reconnect, expand)",Actions intended to reconnect or improve thermal refuge including spring reconnection and increase hyporheic connection. This work may also habitat enhancement like wood placement at thermal refuge features.,0.5486285221210208,2,6,"Thermal Refuge Enhancement (reconnect, expand) action alignment score",8
CC1,Catherine Creek,8,Water Quality Improvement (not including temperature),"Actions that reduce pollutant inputs or improve water quality conditions, excluding temperature. Common sources include fine sediment from roads, agricultural runoff (e.g., nutrients, E. coli from livestock), and point source discharges. Specific action types may include road grading and drainage improvements, road decommissioning or abandonment, grazing management, and reduction or mitigation of point source impacts.",0.5556340875079089,2,6,Water Quality Improvement (not including temperature) action alignment score,7
CC1,Catherine Creek,9,Nutrient Enhancement,"Addition of organic and inorganic nutrients, primarily through salmon carcass additions.",0.24822006423490348,2,6,Nutrient Enhancement action alignment score,11
CC1,Catherine Creek,10,Upland Treatments,"Actions that modify upland vegetation to improve watershed hydrology such as forest thinning. These treatments are intended to increase snow retention, improve soil moisture, and/or extend late-season flows.   Forest management to create fire resilience and forest health, with potential hydrologic and sedimentation benefits. May include invasive and weed treatment in uplands.",0.43012503209465774,2,6,Upland Treatments action alignment score,10
CC1,Catherine Creek,11,Species Management (non-native or unnatural),"Actions that reduce predation pressure on native salmonids from non-native species or native species present at elevated levels. Targets may include piscivorous birds (e.g., cormorants), and predatory fish (e.g., bass, catfish and native pikeminnow). This category includes management of brook trout in habitats occupied by or targeted for recovery of native bull trout, where brook trout competition and hybridization pose a threat to bull trout persistence.",0.5115835229920911,2,6,Species Management (non-native or unnatural) action alignment score,9
CC2,Catherine Creek,1,Protect Land (Easement and Acquisition),Protect land and water with positive habitat value through conservation easements or title acquisition. Does not include water acquisition or leases.,0.5119825096529298,1,6,Protect Land (Easement and Acquisition) action alignment score,5
CC2,Catherine Creek,2,Instream Complexity Improvement,"Improve the complexity of the river below the ordinary high-water mark or bankfull stage. Action types may include placing large wood or boulders, gravel augmentation, riffle construction, pool construction, or channel reconstruction including channel remeandering and realignment, and developing new channels.",0.7967882064652557,1,6,Instream Complexity Improvement action alignment score,3
CC2,Catherine Creek,3,Floodplain – Reconnect and Restore,"Actions that add complexity or improve connectivity within the current floodplain, or expand the floodplain area. Actions that improve the current floodplain may include vegetation or topography modifications, wetland enhancement, and beaver restoration. Actions that expand the floodplain may include levee modification and infrastructure modification/removal or instream modification intended to encourage floodplain reconnection. Actions may also add complexity to the floodplain through wood and other habitat feature additions.",0.996198922126368,1,6,Floodplain – Reconnect and Restore action alignment score,1
CC2,Catherine Creek,4,Riparian Vegetation Restoration,"Restoration of riparian vegetation through protection actions (e.g., riparian fencing, off-site stock water, non-native plant removal) or planting and establishment of new riparian or aquatic plants.",0.8422695481311182,1,6,Riparian Vegetation Restoration action alignment score,2
CC2,Catherine Creek,5,Fish Passage – Barrier Removal and Replacement,Removal or replacement of in-stream structures that impede fish passage and improve access for fish. Common examples include irrigation diversion structures and culvert removal or replacements. Actions in this category may address partial or full fish passage barriers,0.4468408353665191,1,6,Fish Passage – Barrier Removal and Replacement action alignment score,6
CC2,Catherine Creek,6,Instream Flow Restoration,Actions that increase flow amounts including actions such as acquiring/leasing instream flow rights or irrigation system upgrades that reduce irrigation withdrawal needs.,0.7606873271643951,1,6,Instream Flow Restoration action alignment score,4
CC2,Catherine Creek,7,"Thermal Refuge Enhancement (reconnect, expand)",Actions intended to reconnect or improve thermal refuge including spring reconnection and increase hyporheic connection. This work may also habitat enhancement like wood placement at thermal refuge features.,0.32441683396132615,1,6,"Thermal Refuge Enhancement (reconnect, expand) action alignment score",8
CC2,Catherine Creek,8,Water Quality Improvement (not including temperature),"Actions that reduce pollutant inputs or improve water quality conditions, excluding temperature. Common sources include fine sediment from roads, agricultural runoff (e.g., nutrients, E. coli from livestock), and point source discharges. Specific action types may include road grading and drainage improvements, road decommissioning or abandonment, grazing management, and reduction or mitigation of point source impacts.",0.33076518862358234,1,6,Water Quality Improvement (not including temperature) action alignment score,7
CC2,Catherine Creek,9,Nutrient Enhancement,"Addition of organic and inorganic nutrients, primarily through salmon carcass additions.",0.15027292072289095,1,6,Nutrient Enhancement action alignment score,11
CC2,Catherine Creek,10,Upland Treatments,"Actions that modify upland vegetation to improve watershed hydrology such as forest thinning. These treatments are intended to increase snow retention, improve soil moisture, and/or extend late-season flows.   Forest management to create fire resilience and forest health, with potential hydrologic and sedimentation benefits. May include invasive and weed treatment in uplands.",0.24597644834831375,1,6,Upland Treatments action alignment score,10
CC2,Catherine Creek,11,Species Management (non-native or unnatural),"Actions that reduce predation pressure on native salmonids from non-native species or native species present at elevated levels. Targets may include piscivorous birds (e.g., cormorants), and predatory fish (e.g., bass, catfish and native pikeminnow). This category includes management of brook trout in habitats occupied by or targeted for recovery of native bull trout, where brook trout competition and hybridization pose a threat to bull trout persistence.",0.2974295309767957,1,6,Species Management (non-native or unnatural) action alignment score,9
CC3,Catherine Creek,1,Protect Land (Easement and Acquisition),Protect land and water with positive habitat value through conservation easements or title acquisition. Does not include water acquisition or leases.,0.19601544051979705,3,6,Protect Land (Easement and Acquisition) action alignment score,5
CC3,Catherine Creek,2,Instream Complexity Improvement,"Improve the complexity of the river below the ordinary high-water mark or bankfull stage. Action types may include placing large wood or boulders, gravel augmentation, riffle construction, pool construction, or channel reconstruction including channel remeandering and realignment, and developing new channels.",0.29684953875589437,3,6,Instream Complexity Improvement action alignment score,3
CC3,Catherine Creek,3,Floodplain – Reconnect and Restore,"Actions that add complexity or improve connectivity within the current floodplain, or expand the floodplain area. Actions that improve the current floodplain may include vegetation or topography modifications, wetland enhancement, and beaver restoration. Actions that expand the floodplain may include levee modification and infrastructure modification/removal or instream modification intended to encourage floodplain reconnection. Actions may also add complexity to the floodplain through wood and other habitat feature additions.",0.41039709207834263,3,6,Floodplain – Reconnect and Restore action alignment score,1
CC3,Catherine Creek,4,Riparian Vegetation Restoration,"Restoration of riparian vegetation through protection actions (e.g., riparian fencing, off-site stock water, non-native plant removal) or planting and establishment of new riparian or aquatic plants.",0.31333050180720257,3,6,Riparian Vegetation Restoration action alignment score,2
CC3,Catherine Creek,5,Fish Passage – Barrier Removal and Replacement,Removal or replacement of in-stream structures that impede fish passage and improve access for fish. Common examples include irrigation diversion structures and culvert removal or replacements. Actions in this category may address partial or full fish passage barriers,0.14058890028240648,3,6,Fish Passage – Barrier Removal and Replacement action alignment score,7
CC3,Catherine Creek,6,Instream Flow Restoration,Actions that increase flow amounts including actions such as acquiring/leasing instream flow rights or irrigation system upgrades that reduce irrigation withdrawal needs.,0.2742882371352218,3,6,Instream Flow Restoration action alignment score,4
CC3,Catherine Creek,7,"Thermal Refuge Enhancement (reconnect, expand)",Actions intended to reconnect or improve thermal refuge including spring reconnection and increase hyporheic connection. This work may also habitat enhancement like wood placement at thermal refuge features.,0.14718026265168627,3,6,"Thermal Refuge Enhancement (reconnect, expand) action alignment score",6
CC3,Catherine Creek,8,Water Quality Improvement (not including temperature),"Actions that reduce pollutant inputs or improve water quality conditions, excluding temperature. Common sources include fine sediment from roads, agricultural runoff (e.g., nutrients, E. coli from livestock), and point source discharges. Specific action types may include road grading and drainage improvements, road decommissioning or abandonment, grazing management, and reduction or mitigation of point source impacts.",0.11857710295396438,3,6,Water Quality Improvement (not including temperature) action alignment score,8
CC3,Catherine Creek,9,Nutrient Enhancement,"Addition of organic and inorganic nutrients, primarily through salmon carcass additions.",0.06430919148843514,3,6,Nutrient Enhancement action alignment score,11
CC3,Catherine Creek,10,Upland Treatments,"Actions that modify upland vegetation to improve watershed hydrology such as forest thinning. These treatments are intended to increase snow retention, improve soil moisture, and/or extend late-season flows.   Forest management to create fire resilience and forest health, with potential hydrologic and sedimentation benefits. May include invasive and weed treatment in uplands.",0.10523059016461897,3,6,Upland Treatments action alignment score,9
CC3,Catherine Creek,11,Species Management (non-native or unnatural),"Actions that reduce predation pressure on native salmonids from non-native species or native species present at elevated levels. Targets may include piscivorous birds (e.g., cormorants), and predatory fish (e.g., bass, catfish and native pikeminnow). This category includes management of brook trout in habitats occupied by or targeted for recovery of native bull trout, where brook trout competition and hybridization pose a threat to bull trout persistence.",0.07877365633652507,3,6,Species Management (non-native or unnatural) action alignment score,10
CC4,Catherine Creek,1,Protect Land (Easement and Acquisition),Protect land and water with positive habitat value through conservation easements or title acquisition. Does not include water acquisition or leases.,0.3083476471029397,1,6,Protect Land (Easement and Acquisition) action alignment score,5
CC4,Catherine Creek,2,Instream Complexity Improvement,"Improve the complexity of the river below the ordinary high-water mark or bankfull stage. Action types may include placing large wood or boulders, gravel augmentation, riffle construction, pool construction, or channel reconstruction including channel remeandering and realignment, and developing new channels.",0.520366767935784,1,6,Instream Complexity Improvement action alignment score,3
CC4,Catherine Creek,3,Floodplain – Reconnect and Restore,"Actions that add complexity or improve connectivity within the current floodplain, or expand the floodplain area. Actions that improve the current floodplain may include vegetation or topography modifications, wetland enhancement, and beaver restoration. Actions that expand the floodplain may include levee modification and infrastructure modification/removal or instream modification intended to encourage floodplain reconnection. Actions may also add complexity to the floodplain through wood and other habitat feature additions.",0.6814704556851373,1,6,Floodplain – Reconnect and Restore action alignment score,1
CC4,Catherine Creek,4,Riparian Vegetation Restoration,"Restoration of riparian vegetation through protection actions (e.g., riparian fencing, off-site stock water, non-native plant removal) or planting and establishment of new riparian or aquatic plants.",0.5384805118255074,1,6,Riparian Vegetation Restoration action alignment score,2
CC4,Catherine Creek,5,Fish Passage – Barrier Removal and Replacement,Removal or replacement of in-stream structures that impede fish passage and improve access for fish. Common examples include irrigation diversion structures and culvert removal or replacements. Actions in this category may address partial or full fish passage barriers,0.2417422891768554,1,6,Fish Passage – Barrier Removal and Replacement action alignment score,6
CC4,Catherine Creek,6,Instream Flow Restoration,Actions that increase flow amounts including actions such as acquiring/leasing instream flow rights or irrigation system upgrades that reduce irrigation withdrawal needs.,0.459332236107317,1,6,Instream Flow Restoration action alignment score,4
CC4,Catherine Creek,7,"Thermal Refuge Enhancement (reconnect, expand)",Actions intended to reconnect or improve thermal refuge including spring reconnection and increase hyporheic connection. This work may also habitat enhancement like wood placement at thermal refuge features.,0.24004732845729707,1,6,"Thermal Refuge Enhancement (reconnect, expand) action alignment score",7
CC4,Catherine Creek,8,Water Quality Improvement (not including temperature),"Actions that reduce pollutant inputs or improve water quality conditions, excluding temperature. Common sources include fine sediment from roads, agricultural runoff (e.g., nutrients, E. coli from livestock), and point source discharges. Specific action types may include road grading and drainage improvements, road decommissioning or abandonment, grazing management, and reduction or mitigation of point source impacts.",0.1690187162124204,1,6,Water Quality Improvement (not including temperature) action alignment score,8
CC4,Catherine Creek,9,Nutrient Enhancement,"Addition of organic and inorganic nutrients, primarily through salmon carcass additions.",0.08116649493819639,1,6,Nutrient Enhancement action alignment score,10
CC4,Catherine Creek,10,Upland Treatments,"Actions that modify upland vegetation to improve watershed hydrology such as forest thinning. These treatments are intended to increase snow retention, improve soil moisture, and/or extend late-season flows.   Forest management to create fire resilience and forest health, with potential hydrologic and sedimentation benefits. May include invasive and weed treatment in uplands.",0.14109528026091822,1,6,Upland Treatments action alignment score,9
CC4,Catherine Creek,11,Species Management (non-native or unnatural),"Actions that reduce predation pressure on native salmonids from non-native species or native species present at elevated levels. Targets may include piscivorous birds (e.g., cormorants), and predatory fish (e.g., bass, catfish and native pikeminnow). This category includes management of brook trout in habitats occupied by or targeted for recovery of native bull trout, where brook trout competition and hybridization pose a threat to bull trout persistence.",0.04568465226176383,1,6,Species Management (non-native or unnatural) action alignment score,11
CC5,Catherine Creek,1,Protect Land (Easement and Acquisition),Protect land and water with positive habitat value through conservation easements or title acquisition. Does not include water acquisition or leases.,0.5944446248991245,1,6,Protect Land (Easement and Acquisition) action alignment score,5
CC5,Catherine Creek,2,Instream Complexity Improvement,"Improve the complexity of the river below the ordinary high-water mark or bankfull stage. Action types may include placing large wood or boulders, gravel augmentation, riffle construction, pool construction, or channel reconstruction including channel remeandering and realignment, and developing new channels.",0.9529094400806406,1,6,Instream Complexity Improvement action alignment score,3
CC5,Catherine Creek,3,Floodplain – Reconnect and Restore,"Actions that add complexity or improve connectivity within the current floodplain, or expand the floodplain area. Actions that improve the current floodplain may include vegetation or topography modifications, wetland enhancement, and beaver restoration. Actions that expand the floodplain may include levee modification and infrastructure modification/removal or instream modification intended to encourage floodplain reconnection. Actions may also add complexity to the floodplain through wood and other habitat feature additions.",1.2461803731976173,1,6,Floodplain – Reconnect and Restore action alignment score,1
CC5,Catherine Creek,4,Riparian Vegetation Restoration,"Restoration of riparian vegetation through protection actions (e.g., riparian fencing, off-site stock water, non-native plant removal) or planting and establishment of new riparian or aquatic plants.",1.0210766834620324,1,6,Riparian Vegetation Restoration action alignment score,2
CC5,Catherine Creek,5,Fish Passage – Barrier Removal and Replacement,Removal or replacement of in-stream structures that impede fish passage and improve access for fish. Common examples include irrigation diversion structures and culvert removal or replacements. Actions in this category may address partial or full fish passage barriers,0.47402940509762237,1,6,Fish Passage – Barrier Removal and Replacement action alignment score,6
CC5,Catherine Creek,6,Instream Flow Restoration,Actions that increase flow amounts including actions such as acquiring/leasing instream flow rights or irrigation system upgrades that reduce irrigation withdrawal needs.,0.9093707203150367,1,6,Instream Flow Restoration action alignment score,4
CC5,Catherine Creek,7,"Thermal Refuge Enhancement (reconnect, expand)",Actions intended to reconnect or improve thermal refuge including spring reconnection and increase hyporheic connection. This work may also habitat enhancement like wood placement at thermal refuge features.,0.44673119557768604,1,6,"Thermal Refuge Enhancement (reconnect, expand) action alignment score",7
CC5,Catherine Creek,8,Water Quality Improvement (not including temperature),"Actions that reduce pollutant inputs or improve water quality conditions, excluding temperature. Common sources include fine sediment from roads, agricultural runoff (e.g., nutrients, E. coli from livestock), and point source discharges. Specific action types may include road grading and drainage improvements, road decommissioning or abandonment, grazing management, and reduction or mitigation of point source impacts.",0.29971250623648027,1,6,Water Quality Improvement (not including temperature) action alignment score,8
CC5,Catherine Creek,9,Nutrient Enhancement,"Addition of organic and inorganic nutrients, primarily through salmon carcass additions.",0.15834029449156883,1,6,Nutrient Enhancement action alignment score,11
CC5,Catherine Creek,10,Upland Treatments,"Actions that modify upland vegetation to improve watershed hydrology such as forest thinning. These treatments are intended to increase snow retention, improve soil moisture, and/or extend late-season flows.   Forest management to create fire resilience and forest health, with potential hydrologic and sedimentation benefits. May include invasive and weed treatment in uplands.",0.27764832545512336,1,6,Upland Treatments action alignment score,9
CC5,Catherine Creek,11,Species Management (non-native or unnatural),"Actions that reduce predation pressure on native salmonids from non-native species or native species present at elevated levels. Targets may include piscivorous birds (e.g., cormorants), and predatory fish (e.g., bass, catfish and native pikeminnow). This category includes management of brook trout in habitats occupied by or targeted for recovery of native bull trout, where brook trout competition and hybridization pose a threat to bull trout persistence.",0.2329829908296757,1,6,Species Management (non-native or unnatural) action alignment score,10
CC6,Catherine Creek,1,Protect Land (Easement and Acquisition),Protect land and water with positive habitat value through conservation easements or title acquisition. Does not include water acquisition or leases.,0.6222795941693443,3,6,Protect Land (Easement and Acquisition) action alignment score,5
CC6,Catherine Creek,2,Instream Complexity Improvement,"Improve the complexity of the river below the ordinary high-water mark or bankfull stage. Action types may include placing large wood or boulders, gravel augmentation, riffle construction, pool construction, or channel reconstruction including channel remeandering and realignment, and developing new channels.",0.948589972017663,3,6,Instream Complexity Improvement action alignment score,4
CC6,Catherine Creek,3,Floodplain – Reconnect and Restore,"Actions that add complexity or improve connectivity within the current floodplain, or expand the floodplain area. Actions that improve the current floodplain may include vegetation or topography modifications, wetland enhancement, and beaver restoration. Actions that expand the floodplain may include levee modification and infrastructure modification/removal or instream modification intended to encourage floodplain reconnection. Actions may also add complexity to the floodplain through wood and other habitat feature additions.",1.3602856438122661,3,6,Floodplain – Reconnect and Restore action alignment score,1
CC6,Catherine Creek,4,Riparian Vegetation Restoration,"Restoration of riparian vegetation through protection actions (e.g., riparian fencing, off-site stock water, non-native plant removal) or planting and establishment of new riparian or aquatic plants.",1.0672988243702497,3,6,Riparian Vegetation Restoration action alignment score,3
CC6,Catherine Creek,5,Fish Passage – Barrier Removal and Replacement,Removal or replacement of in-stream structures that impede fish passage and improve access for fish. Common examples include irrigation diversion structures and culvert removal or replacements. Actions in this category may address partial or full fish passage barriers,0.424059924523647,3,6,Fish Passage – Barrier Removal and Replacement action alignment score,7
CC6,Catherine Creek,6,Instream Flow Restoration,Actions that increase flow amounts including actions such as acquiring/leasing instream flow rights or irrigation system upgrades that reduce irrigation withdrawal needs.,1.1207735829301282,3,6,Instream Flow Restoration action alignment score,2
CC6,Catherine Creek,7,"Thermal Refuge Enhancement (reconnect, expand)",Actions intended to reconnect or improve thermal refuge including spring reconnection and increase hyporheic connection. This work may also habitat enhancement like wood placement at thermal refuge features.,0.5850979122892808,3,6,"Thermal Refuge Enhancement (reconnect, expand) action alignment score",6
CC6,Catherine Creek,8,Water Quality Improvement (not including temperature),"Actions that reduce pollutant inputs or improve water quality conditions, excluding temperature. Common sources include fine sediment from roads, agricultural runoff (e.g., nutrients, E. coli from livestock), and point source discharges. Specific action types may include road grading and drainage improvements, road decommissioning or abandonment, grazing management, and reduction or mitigation of point source impacts.",0.3361083659885246,3,6,Water Quality Improvement (not including temperature) action alignment score,9
CC6,Catherine Creek,9,Nutrient Enhancement,"Addition of organic and inorganic nutrients, primarily through salmon carcass additions.",0.18779588720468066,3,6,Nutrient Enhancement action alignment score,10
CC6,Catherine Creek,10,Upland Treatments,"Actions that modify upland vegetation to improve watershed hydrology such as forest thinning. These treatments are intended to increase snow retention, improve soil moisture, and/or extend late-season flows.   Forest management to create fire resilience and forest health, with potential hydrologic and sedimentation benefits. May include invasive and weed treatment in uplands.",0.36069160973575903,3,6,Upland Treatments action alignment score,8
CC6,Catherine Creek,11,Species Management (non-native or unnatural),"Actions that reduce predation pressure on native salmonids from non-native species or native species present at elevated levels. Targets may include piscivorous birds (e.g., cormorants), and predatory fish (e.g., bass, catfish and native pikeminnow). This category includes management of brook trout in habitats occupied by or targeted for recovery of native bull trout, where brook trout competition and hybridization pose a threat to bull trout persistence.",0.1655268875051681,3,6,Species Management (non-native or unnatural) action alignment score,11
CC7,Catherine Creek,1,Protect Land (Easement and Acquisition),Protect land and water with positive habitat value through conservation easements or title acquisition. Does not include water acquisition or leases.,0.5126719141070682,2,6,Protect Land (Easement and Acquisition) action alignment score,6
CC7,Catherine Creek,2,Instream Complexity Improvement,"Improve the complexity of the river below the ordinary high-water mark or bankfull stage. Action types may include placing large wood or boulders, gravel augmentation, riffle construction, pool construction, or channel reconstruction including channel remeandering and realignment, and developing new channels.",0.736250264738067,2,6,Instream Complexity Improvement action alignment score,4
CC7,Catherine Creek,3,Floodplain – Reconnect and Restore,"Actions that add complexity or improve connectivity within the current floodplain, or expand the floodplain area. Actions that improve the current floodplain may include vegetation or topography modifications, wetland enhancement, and beaver restoration. Actions that expand the floodplain may include levee modification and infrastructure modification/removal or instream modification intended to encourage floodplain reconnection. Actions may also add complexity to the floodplain through wood and other habitat feature additions.",1.24183557494612,2,6,Floodplain – Reconnect and Restore action alignment score,1
CC7,Catherine Creek,4,Riparian Vegetation Restoration,"Restoration of riparian vegetation through protection actions (e.g., riparian fencing, off-site stock water, non-native plant removal) or planting and establishment of new riparian or aquatic plants.",0.8586252896333715,2,6,Riparian Vegetation Restoration action alignment score,3
CC7,Catherine Creek,5,Fish Passage – Barrier Removal and Replacement,Removal or replacement of in-stream structures that impede fish passage and improve access for fish. Common examples include irrigation diversion structures and culvert removal or replacements. Actions in this category may address partial or full fish passage barriers,0.26876033555758555,2,6,Fish Passage – Barrier Removal and Replacement action alignment score,9
CC7,Catherine Creek,6,Instream Flow Restoration,Actions that increase flow amounts including actions such as acquiring/leasing instream flow rights or irrigation system upgrades that reduce irrigation withdrawal needs.,1.1926183977353213,2,6,Instream Flow Restoration action alignment score,2
CC7,Catherine Creek,7,"Thermal Refuge Enhancement (reconnect, expand)",Actions intended to reconnect or improve thermal refuge including spring reconnection and increase hyporheic connection. This work may also habitat enhancement like wood placement at thermal refuge features.,0.6612104034119528,2,6,"Thermal Refuge Enhancement (reconnect, expand) action alignment score",5
CC7,Catherine Creek,8,Water Quality Improvement (not including temperature),"Actions that reduce pollutant inputs or improve water quality conditions, excluding temperature. Common sources include fine sediment from roads, agricultural runoff (e.g., nutrients, E. coli from livestock), and point source discharges. Specific action types may include road grading and drainage improvements, road decommissioning or abandonment, grazing management, and reduction or mitigation of point source impacts.",0.28801729447198565,2,6,Water Quality Improvement (not including temperature) action alignment score,8
CC7,Catherine Creek,9,Nutrient Enhancement,"Addition of organic and inorganic nutrients, primarily through salmon carcass additions.",0.11303470091032133,2,6,Nutrient Enhancement action alignment score,11
CC7,Catherine Creek,10,Upland Treatments,"Actions that modify upland vegetation to improve watershed hydrology such as forest thinning. These treatments are intended to increase snow retention, improve soil moisture, and/or extend late-season flows.   Forest management to create fire resilience and forest health, with potential hydrologic and sedimentation benefits. May include invasive and weed treatment in uplands.",0.41028150730062174,2,6,Upland Treatments action alignment score,7
CC7,Catherine Creek,11,Species Management (non-native or unnatural),"Actions that reduce predation pressure on native salmonids from non-native species or native species present at elevated levels. Targets may include piscivorous birds (e.g., cormorants), and predatory fish (e.g., bass, catfish and native pikeminnow). This category includes management of brook trout in habitats occupied by or targeted for recovery of native bull trout, where brook trout competition and hybridization pose a threat to bull trout persistence.",0.11842821336734481,2,6,Species Management (non-native or unnatural) action alignment score,10
CC8,Catherine Creek,1,Protect Land (Easement and Acquisition),Protect land and water with positive habitat value through conservation easements or title acquisition. Does not include water acquisition or leases.,0.09399888539507063,2,6,Protect Land (Easement and Acquisition) action alignment score,5
CC8,Catherine Creek,2,Instream Complexity Improvement,"Improve the complexity of the river below the ordinary high-water mark or bankfull stage. Action types may include placing large wood or boulders, gravel augmentation, riffle construction, pool construction, or channel reconstruction including channel remeandering and realignment, and developing new channels.",0.15089985862686528,2,6,Instream Complexity Improvement action alignment score,3
CC8,Catherine Creek,3,Floodplain – Reconnect and Restore,"Actions that add complexity or improve connectivity within the current floodplain, or expand the floodplain area. Actions that improve the current floodplain may include vegetation or topography modifications, wetland enhancement, and beaver restoration. Actions that expand the floodplain may include levee modification and infrastructure modification/removal or instream modification intended to encourage floodplain reconnection. Actions may also add complexity to the floodplain through wood and other habitat feature additions.",0.2179696939835356,2,6,Floodplain – Reconnect and Restore action alignment score,1
CC8,Catherine Creek,4,Riparian Vegetation Restoration,"Restoration of riparian vegetation through protection actions (e.g., riparian fencing, off-site stock water, non-native plant removal) or planting and establishment of new riparian or aquatic plants.",0.17406909111818542,2,6,Riparian Vegetation Restoration action alignment score,2
CC8,Catherine Creek,5,Fish Passage – Barrier Removal and Replacement,Removal or replacement of in-stream structures that impede fish passage and improve access for fish. Common examples include irrigation diversion structures and culvert removal or replacements. Actions in this category may address partial or full fish passage barriers,0.043964663052477114,2,6,Fish Passage – Barrier Removal and Replacement action alignment score,9
CC8,Catherine Creek,6,Instream Flow Restoration,Actions that increase flow amounts including actions such as acquiring/leasing instream flow rights or irrigation system upgrades that reduce irrigation withdrawal needs.,0.1389688891118434,2,6,Instream Flow Restoration action alignment score,4
CC8,Catherine Creek,7,"Thermal Refuge Enhancement (reconnect, expand)",Actions intended to reconnect or improve thermal refuge including spring reconnection and increase hyporheic connection. This work may also habitat enhancement like wood placement at thermal refuge features.,0.06540550267225428,2,6,"Thermal Refuge Enhancement (reconnect, expand) action alignment score",6
CC8,Catherine Creek,8,Water Quality Improvement (not including temperature),"Actions that reduce pollutant inputs or improve water quality conditions, excluding temperature. Common sources include fine sediment from roads, agricultural runoff (e.g., nutrients, E. coli from livestock), and point source discharges. Specific action types may include road grading and drainage improvements, road decommissioning or abandonment, grazing management, and reduction or mitigation of point source impacts.",0.06087537462967569,2,6,Water Quality Improvement (not including temperature) action alignment score,7
CC8,Catherine Creek,9,Nutrient Enhancement,"Addition of organic and inorganic nutrients, primarily through salmon carcass additions.",0.024426017714136487,2,6,Nutrient Enhancement action alignment score,10
CC8,Catherine Creek,10,Upland Treatments,"Actions that modify upland vegetation to improve watershed hydrology such as forest thinning. These treatments are intended to increase snow retention, improve soil moisture, and/or extend late-season flows.   Forest management to create fire resilience and forest health, with potential hydrologic and sedimentation benefits. May include invasive and weed treatment in uplands.",0.04939676472299045,2,6,Upland Treatments action alignment score,8
CC8,Catherine Creek,11,Species Management (non-native or unnatural),"Actions that reduce predation pressure on native salmonids from non-native species or native species present at elevated levels. Targets may include piscivorous birds (e.g., cormorants), and predatory fish (e.g., bass, catfish and native pikeminnow). This category includes management of brook trout in habitats occupied by or targeted for recovery of native bull trout, where brook trout competition and hybridization pose a threat to bull trout persistence.",0.008597911933645045,2,6,Species Management (non-native or unnatural) action alignment score,11
CC9,Catherine Creek,1,Protect Land (Easement and Acquisition),Protect land and water with positive habitat value through conservation easements or title acquisition. Does not include water acquisition or leases.,0.12782791881461397,1,6,Protect Land (Easement and Acquisition) action alignment score,5
CC9,Catherine Creek,2,Instream Complexity Improvement,"Improve the complexity of the river below the ordinary high-water mark or bankfull stage. Action types may include placing large wood or boulders, gravel augmentation, riffle construction, pool construction, or channel reconstruction including channel remeandering and realignment, and developing new channels.",0.23603834154538395,1,6,Instream Complexity Improvement action alignment score,2
CC9,Catherine Creek,3,Floodplain – Reconnect and Restore,"Actions that add complexity or improve connectivity within the current floodplain, or expand the floodplain area. Actions that improve the current floodplain may include vegetation or topography modifications, wetland enhancement, and beaver restoration. Actions that expand the floodplain may include levee modification and infrastructure modification/removal or instream modification intended to encourage floodplain reconnection. Actions may also add complexity to the floodplain through wood and other habitat feature additions.",0.34869272649359323,1,6,Floodplain – Reconnect and Restore action alignment score,1
CC9,Catherine Creek,4,Riparian Vegetation Restoration,"Restoration of riparian vegetation through protection actions (e.g., riparian fencing, off-site stock water, non-native plant removal) or planting and establishment of new riparian or aquatic plants.",0.22272806433381412,1,6,Riparian Vegetation Restoration action alignment score,3
CC9,Catherine Creek,5,Fish Passage – Barrier Removal and Replacement,Removal or replacement of in-stream structures that impede fish passage and improve access for fish. Common examples include irrigation diversion structures and culvert removal or replacements. Actions in this category may address partial or full fish passage barriers,0.08298796496872263,1,6,Fish Passage – Barrier Removal and Replacement action alignment score,8
CC9,Catherine Creek,6,Instream Flow Restoration,Actions that increase flow amounts including actions such as acquiring/leasing instream flow rights or irrigation system upgrades that reduce irrigation withdrawal needs.,0.18282202402119477,1,6,Instream Flow Restoration action alignment score,4
CC9,Catherine Creek,7,"Thermal Refuge Enhancement (reconnect, expand)",Actions intended to reconnect or improve thermal refuge including spring reconnection and increase hyporheic connection. This work may also habitat enhancement like wood placement at thermal refuge features.,0.0952967421468265,1,6,"Thermal Refuge Enhancement (reconnect, expand) action alignment score",6
CC9,Catherine Creek,8,Water Quality Improvement (not including temperature),"Actions that reduce pollutant inputs or improve water quality conditions, excluding temperature. Common sources include fine sediment from roads, agricultural runoff (e.g., nutrients, E. coli from livestock), and point source discharges. Specific action types may include road grading and drainage improvements, road decommissioning or abandonment, grazing management, and reduction or mitigation of point source impacts.",0.03688999539487663,1,6,Water Quality Improvement (not including temperature) action alignment score,11
CC9,Catherine Creek,9,Nutrient Enhancement,"Addition of organic and inorganic nutrients, primarily through salmon carcass additions.",0.038084025315608824,1,6,Nutrient Enhancement action alignment score,10
CC9,Catherine Creek,10,Upland Treatments,"Actions that modify upland vegetation to improve watershed hydrology such as forest thinning. These treatments are intended to increase snow retention, improve soil moisture, and/or extend late-season flows.   Forest management to create fire resilience and forest health, with potential hydrologic and sedimentation benefits. May include invasive and weed treatment in uplands.",0.07227924743956426,1,6,Upland Treatments action alignment score,9
CC9,Catherine Creek,11,Species Management (non-native or unnatural),"Actions that reduce predation pressure on native salmonids from non-native species or native species present at elevated levels. Targets may include piscivorous birds (e.g., cormorants), and predatory fish (e.g., bass, catfish and native pikeminnow). This category includes management of brook trout in habitats occupied by or targeted for recovery of native bull trout, where brook trout competition and hybridization pose a threat to bull trout persistence.",0.08867966034135495,1,6,Species Management (non-native or unnatural) action alignment score,7
UGR1,Upper Grande Ronde,1,Protect Land (Easement and Acquisition),Protect land and water with positive habitat value through conservation easements or title acquisition. Does not include water acquisition or leases.,0.19436422489492144,0,6,Protect Land (Easement and Acquisition) action alignment score,6
UGR1,Upper Grande Ronde,2,Instream Complexity Improvement,"Improve the complexity of the river below the ordinary high-water mark or bankfull stage. Action types may include placing large wood or boulders, gravel augmentation, riffle construction, pool construction, or channel reconstruction including channel remeandering and realignment, and developing new channels.",0.38738274448658483,0,6,Instream Complexity Improvement action alignment score,2
UGR1,Upper Grande Ronde,3,Floodplain – Reconnect and Restore,"Actions that add complexity or improve connectivity within the current floodplain, or expand the floodplain area. Actions that improve the current floodplain may include vegetation or topography modifications, wetland enhancement, and beaver restoration. Actions that expand the floodplain may include levee modification and infrastructure modification/removal or instream modification intended to encourage floodplain reconnection. Actions may also add complexity to the floodplain through wood and other habitat feature additions.",0.4300716838176732,0,6,Floodplain – Reconnect and Restore action alignment score,1
UGR1,Upper Grande Ronde,4,Riparian Vegetation Restoration,"Restoration of riparian vegetation through protection actions (e.g., riparian fencing, off-site stock water, non-native plant removal) or planting and establishment of new riparian or aquatic plants.",0.2976253081353711,0,6,Riparian Vegetation Restoration action alignment score,3
UGR1,Upper Grande Ronde,5,Fish Passage – Barrier Removal and Replacement,Removal or replacement of in-stream structures that impede fish passage and improve access for fish. Common examples include irrigation diversion structures and culvert removal or replacements. Actions in this category may address partial or full fish passage barriers,0.2243822371788699,0,6,Fish Passage – Barrier Removal and Replacement action alignment score,5
UGR1,Upper Grande Ronde,6,Instream Flow Restoration,Actions that increase flow amounts including actions such as acquiring/leasing instream flow rights or irrigation system upgrades that reduce irrigation withdrawal needs.,0.16276710851264925,0,6,Instream Flow Restoration action alignment score,7
UGR1,Upper Grande Ronde,7,"Thermal Refuge Enhancement (reconnect, expand)",Actions intended to reconnect or improve thermal refuge including spring reconnection and increase hyporheic connection. This work may also habitat enhancement like wood placement at thermal refuge features.,0.06397601657609929,0,6,"Thermal Refuge Enhancement (reconnect, expand) action alignment score",8
UGR1,Upper Grande Ronde,8,Water Quality Improvement (not including temperature),"Actions that reduce pollutant inputs or improve water quality conditions, excluding temperature. Common sources include fine sediment from roads, agricultural runoff (e.g., nutrients, E. coli from livestock), and point source discharges. Specific action types may include road grading and drainage improvements, road decommissioning or abandonment, grazing management, and reduction or mitigation of point source impacts.",0.05750855060069141,0,6,Water Quality Improvement (not including temperature) action alignment score,9
UGR1,Upper Grande Ronde,9,Nutrient Enhancement,"Addition of organic and inorganic nutrients, primarily through salmon carcass additions.",0.02994390773630621,0,6,Nutrient Enhancement action alignment score,11
UGR1,Upper Grande Ronde,10,Upland Treatments,"Actions that modify upland vegetation to improve watershed hydrology such as forest thinning. These treatments are intended to increase snow retention, improve soil moisture, and/or extend late-season flows.   Forest management to create fire resilience and forest health, with potential hydrologic and sedimentation benefits. May include invasive and weed treatment in uplands.",0.04825544824311083,0,6,Upland Treatments action alignment score,10
UGR1,Upper Grande Ronde,11,Species Management (non-native or unnatural),"Actions that reduce predation pressure on native salmonids from non-native species or native species present at elevated levels. Targets may include piscivorous birds (e.g., cormorants), and predatory fish (e.g., bass, catfish and native pikeminnow). This category includes management of brook trout in habitats occupied by or targeted for recovery of native bull trout, where brook trout competition and hybridization pose a threat to bull trout persistence.",0.2826336581655442,0,6,Species Management (non-native or unnatural) action alignment score,4
UGR10,Upper Grande Ronde,1,Protect Land (Easement and Acquisition),Protect land and water with positive habitat value through conservation easements or title acquisition. Does not include water acquisition or leases.,0.12558363817556206,0,6,Protect Land (Easement and Acquisition) action alignment score,5
UGR10,Upper Grande Ronde,2,Instream Complexity Improvement,"Improve the complexity of the river below the ordinary high-water mark or bankfull stage. Action types may include placing large wood or boulders, gravel augmentation, riffle construction, pool construction, or channel reconstruction including channel remeandering and realignment, and developing new channels.",0.2276904515074363,0,6,Instream Complexity Improvement action alignment score,3
UGR10,Upper Grande Ronde,3,Floodplain – Reconnect and Restore,"Actions that add complexity or improve connectivity within the current floodplain, or expand the floodplain area. Actions that improve the current floodplain may include vegetation or topography modifications, wetland enhancement, and beaver restoration. Actions that expand the floodplain may include levee modification and infrastructure modification/removal or instream modification intended to encourage floodplain reconnection. Actions may also add complexity to the floodplain through wood and other habitat feature additions.",0.31204086855385493,0,6,Floodplain – Reconnect and Restore action alignment score,1
UGR10,Upper Grande Ronde,4,Riparian Vegetation Restoration,"Restoration of riparian vegetation through protection actions (e.g., riparian fencing, off-site stock water, non-native plant removal) or planting and establishment of new riparian or aquatic plants.",0.2660529972112714,0,6,Riparian Vegetation Restoration action alignment score,2
UGR10,Upper Grande Ronde,5,Fish Passage – Barrier Removal and Replacement,Removal or replacement of in-stream structures that impede fish passage and improve access for fish. Common examples include irrigation diversion structures and culvert removal or replacements. Actions in this category may address partial or full fish passage barriers,0.057786125423567446,0,6,Fish Passage – Barrier Removal and Replacement action alignment score,8
UGR10,Upper Grande Ronde,6,Instream Flow Restoration,Actions that increase flow amounts including actions such as acquiring/leasing instream flow rights or irrigation system upgrades that reduce irrigation withdrawal needs.,0.1672916167653253,0,6,Instream Flow Restoration action alignment score,4
UGR10,Upper Grande Ronde,7,"Thermal Refuge Enhancement (reconnect, expand)",Actions intended to reconnect or improve thermal refuge including spring reconnection and increase hyporheic connection. This work may also habitat enhancement like wood placement at thermal refuge features.,0.09308524578470953,0,6,"Thermal Refuge Enhancement (reconnect, expand) action alignment score",6
UGR10,Upper Grande Ronde,8,Water Quality Improvement (not including temperature),"Actions that reduce pollutant inputs or improve water quality conditions, excluding temperature. Common sources include fine sediment from roads, agricultural runoff (e.g., nutrients, E. coli from livestock), and point source discharges. Specific action types may include road grading and drainage improvements, road decommissioning or abandonment, grazing management, and reduction or mitigation of point source impacts.",0.06210413628488857,0,6,Water Quality Improvement (not including temperature) action alignment score,7
UGR10,Upper Grande Ronde,9,Nutrient Enhancement,"Addition of organic and inorganic nutrients, primarily through salmon carcass additions.",0.045440735156008764,0,6,Nutrient Enhancement action alignment score,10
UGR10,Upper Grande Ronde,10,Upland Treatments,"Actions that modify upland vegetation to improve watershed hydrology such as forest thinning. These treatments are intended to increase snow retention, improve soil moisture, and/or extend late-season flows.   Forest management to create fire resilience and forest health, with potential hydrologic and sedimentation benefits. May include invasive and weed treatment in uplands.",0.05119335855498409,0,6,Upland Treatments action alignment score,9
UGR10,Upper Grande Ronde,11,Species Management (non-native or unnatural),"Actions that reduce predation pressure on native salmonids from non-native species or native species present at elevated levels. Targets may include piscivorous birds (e.g., cormorants), and predatory fish (e.g., bass, catfish and native pikeminnow). This category includes management of brook trout in habitats occupied by or targeted for recovery of native bull trout, where brook trout competition and hybridization pose a threat to bull trout persistence.",0.019814705912823315,0,6,Species Management (non-native or unnatural) action alignment score,11
UGR11,Upper Grande Ronde,1,Protect Land (Easement and Acquisition),Protect land and water with positive habitat value through conservation easements or title acquisition. Does not include water acquisition or leases.,0.5780238170264873,0,6,Protect Land (Easement and Acquisition) action alignment score,5
UGR11,Upper Grande Ronde,2,Instream Complexity Improvement,"Improve the complexity of the river below the ordinary high-water mark or bankfull stage. Action types may include placing large wood or boulders, gravel augmentation, riffle construction, pool construction, or channel reconstruction including channel remeandering and realignment, and developing new channels.",0.9022642205338044,0,6,Instream Complexity Improvement action alignment score,4
UGR11,Upper Grande Ronde,3,Floodplain – Reconnect and Restore,"Actions that add complexity or improve connectivity within the current floodplain, or expand the floodplain area. Actions that improve the current floodplain may include vegetation or topography modifications, wetland enhancement, and beaver restoration. Actions that expand the floodplain may include levee modification and infrastructure modification/removal or instream modification intended to encourage floodplain reconnection. Actions may also add complexity to the floodplain through wood and other habitat feature additions.",1.2694503835072077,0,6,Floodplain – Reconnect and Restore action alignment score,1
UGR11,Upper Grande Ronde,4,Riparian Vegetation Restoration,"Restoration of riparian vegetation through protection actions (e.g., riparian fencing, off-site stock water, non-native plant removal) or planting and establishment of new riparian or aquatic plants.",1.0360621366108635,0,6,Riparian Vegetation Restoration action alignment score,2
UGR11,Upper Grande Ronde,5,Fish Passage – Barrier Removal and Replacement,Removal or replacement of in-stream structures that impede fish passage and improve access for fish. Common examples include irrigation diversion structures and culvert removal or replacements. Actions in this category may address partial or full fish passage barriers,0.36465291231314173,0,6,Fish Passage – Barrier Removal and Replacement action alignment score,7
UGR11,Upper Grande Ronde,6,Instream Flow Restoration,Actions that increase flow amounts including actions such as acquiring/leasing instream flow rights or irrigation system upgrades that reduce irrigation withdrawal needs.,0.9107281122200707,0,6,Instream Flow Restoration action alignment score,3
UGR11,Upper Grande Ronde,7,"Thermal Refuge Enhancement (reconnect, expand)",Actions intended to reconnect or improve thermal refuge including spring reconnection and increase hyporheic connection. This work may also habitat enhancement like wood placement at thermal refuge features.,0.4454350513082024,0,6,"Thermal Refuge Enhancement (reconnect, expand) action alignment score",6
UGR11,Upper Grande Ronde,8,Water Quality Improvement (not including temperature),"Actions that reduce pollutant inputs or improve water quality conditions, excluding temperature. Common sources include fine sediment from roads, agricultural runoff (e.g., nutrients, E. coli from livestock), and point source discharges. Specific action types may include road grading and drainage improvements, road decommissioning or abandonment, grazing management, and reduction or mitigation of point source impacts.",0.3401311619060038,0,6,Water Quality Improvement (not including temperature) action alignment score,8
UGR11,Upper Grande Ronde,9,Nutrient Enhancement,"Addition of organic and inorganic nutrients, primarily through salmon carcass additions.",0.2194158356472095,0,6,Nutrient Enhancement action alignment score,10
UGR11,Upper Grande Ronde,10,Upland Treatments,"Actions that modify upland vegetation to improve watershed hydrology such as forest thinning. These treatments are intended to increase snow retention, improve soil moisture, and/or extend late-season flows.   Forest management to create fire resilience and forest health, with potential hydrologic and sedimentation benefits. May include invasive and weed treatment in uplands.",0.32387696439972646,0,6,Upland Treatments action alignment score,9
UGR11,Upper Grande Ronde,11,Species Management (non-native or unnatural),"Actions that reduce predation pressure on native salmonids from non-native species or native species present at elevated levels. Targets may include piscivorous birds (e.g., cormorants), and predatory fish (e.g., bass, catfish and native pikeminnow). This category includes management of brook trout in habitats occupied by or targeted for recovery of native bull trout, where brook trout competition and hybridization pose a threat to bull trout persistence.",0.18322506626166438,0,6,Species Management (non-native or unnatural) action alignment score,11
UGR12,Upper Grande Ronde,1,Protect Land (Easement and Acquisition),Protect land and water with positive habitat value through conservation easements or title acquisition. Does not include water acquisition or leases.,0.19329772995523278,1,6,Protect Land (Easement and Acquisition) action alignment score,5
UGR12,Upper Grande Ronde,2,Instream Complexity Improvement,"Improve the complexity of the river below the ordinary high-water mark or bankfull stage. Action types may include placing large wood or boulders, gravel augmentation, riffle construction, pool construction, or channel reconstruction including channel remeandering and realignment, and developing new channels.",0.2986232691207571,1,6,Instream Complexity Improvement action alignment score,3
UGR12,Upper Grande Ronde,3,Floodplain – Reconnect and Restore,"Actions that add complexity or improve connectivity within the current floodplain, or expand the floodplain area. Actions that improve the current floodplain may include vegetation or topography modifications, wetland enhancement, and beaver restoration. Actions that expand the floodplain may include levee modification and infrastructure modification/removal or instream modification intended to encourage floodplain reconnection. Actions may also add complexity to the floodplain through wood and other habitat feature additions.",0.42052734286530047,1,6,Floodplain – Reconnect and Restore action alignment score,1
UGR12,Upper Grande Ronde,4,Riparian Vegetation Restoration,"Restoration of riparian vegetation through protection actions (e.g., riparian fencing, off-site stock water, non-native plant removal) or planting and establishment of new riparian or aquatic plants.",0.34531817452412455,1,6,Riparian Vegetation Restoration action alignment score,2
UGR12,Upper Grande Ronde,5,Fish Passage – Barrier Removal and Replacement,Removal or replacement of in-stream structures that impede fish passage and improve access for fish. Common examples include irrigation diversion structures and culvert removal or replacements. Actions in this category may address partial or full fish passage barriers,0.11490805922009054,1,6,Fish Passage – Barrier Removal and Replacement action alignment score,6
UGR12,Upper Grande Ronde,6,Instream Flow Restoration,Actions that increase flow amounts including actions such as acquiring/leasing instream flow rights or irrigation system upgrades that reduce irrigation withdrawal needs.,0.25208985411597196,1,6,Instream Flow Restoration action alignment score,4
UGR12,Upper Grande Ronde,7,"Thermal Refuge Enhancement (reconnect, expand)",Actions intended to reconnect or improve thermal refuge including spring reconnection and increase hyporheic connection. This work may also habitat enhancement like wood placement at thermal refuge features.,0.09484173548387884,1,6,"Thermal Refuge Enhancement (reconnect, expand) action alignment score",7
UGR12,Upper Grande Ronde,8,Water Quality Improvement (not including temperature),"Actions that reduce pollutant inputs or improve water quality conditions, excluding temperature. Common sources include fine sediment from roads, agricultural runoff (e.g., nutrients, E. coli from livestock), and point source discharges. Specific action types may include road grading and drainage improvements, road decommissioning or abandonment, grazing management, and reduction or mitigation of point source impacts.",0.08644278462375149,1,6,Water Quality Improvement (not including temperature) action alignment score,9
UGR12,Upper Grande Ronde,9,Nutrient Enhancement,"Addition of organic and inorganic nutrients, primarily through salmon carcass additions.",0.07566500495635196,1,6,Nutrient Enhancement action alignment score,10
UGR12,Upper Grande Ronde,10,Upland Treatments,"Actions that modify upland vegetation to improve watershed hydrology such as forest thinning. These treatments are intended to increase snow retention, improve soil moisture, and/or extend late-season flows.   Forest management to create fire resilience and forest health, with potential hydrologic and sedimentation benefits. May include invasive and weed treatment in uplands.",0.09390002781453939,1,6,Upland Treatments action alignment score,8
UGR12,Upper Grande Ronde,11,Species Management (non-native or unnatural),"Actions that reduce predation pressure on native salmonids from non-native species or native species present at elevated levels. Targets may include piscivorous birds (e.g., cormorants), and predatory fish (e.g., bass, catfish and native pikeminnow). This category includes management of brook trout in habitats occupied by or targeted for recovery of native bull trout, where brook trout competition and hybridization pose a threat to bull trout persistence.",0.012460853605347193,1,6,Species Management (non-native or unnatural) action alignment score,11
UGR13,Upper Grande Ronde,1,Protect Land (Easement and Acquisition),Protect land and water with positive habitat value through conservation easements or title acquisition. Does not include water acquisition or leases.,0.3828207236268902,0,6,Protect Land (Easement and Acquisition) action alignment score,5
UGR13,Upper Grande Ronde,2,Instream Complexity Improvement,"Improve the complexity of the river below the ordinary high-water mark or bankfull stage. Action types may include placing large wood or boulders, gravel augmentation, riffle construction, pool construction, or channel reconstruction including channel remeandering and realignment, and developing new channels.",0.6951133764092668,0,6,Instream Complexity Improvement action alignment score,3
UGR13,Upper Grande Ronde,3,Floodplain – Reconnect and Restore,"Actions that add complexity or improve connectivity within the current floodplain, or expand the floodplain area. Actions that improve the current floodplain may include vegetation or topography modifications, wetland enhancement, and beaver restoration. Actions that expand the floodplain may include levee modification and infrastructure modification/removal or instream modification intended to encourage floodplain reconnection. Actions may also add complexity to the floodplain through wood and other habitat feature additions.",0.8983660319987365,0,6,Floodplain – Reconnect and Restore action alignment score,1
UGR13,Upper Grande Ronde,4,Riparian Vegetation Restoration,"Restoration of riparian vegetation through protection actions (e.g., riparian fencing, off-site stock water, non-native plant removal) or planting and establishment of new riparian or aquatic plants.",0.7363195459090729,0,6,Riparian Vegetation Restoration action alignment score,2
UGR13,Upper Grande Ronde,5,Fish Passage – Barrier Removal and Replacement,Removal or replacement of in-stream structures that impede fish passage and improve access for fish. Common examples include irrigation diversion structures and culvert removal or replacements. Actions in this category may address partial or full fish passage barriers,0.2014219509018703,0,6,Fish Passage – Barrier Removal and Replacement action alignment score,7
UGR13,Upper Grande Ronde,6,Instream Flow Restoration,Actions that increase flow amounts including actions such as acquiring/leasing instream flow rights or irrigation system upgrades that reduce irrigation withdrawal needs.,0.5200553309768703,0,6,Instream Flow Restoration action alignment score,4
UGR13,Upper Grande Ronde,7,"Thermal Refuge Enhancement (reconnect, expand)",Actions intended to reconnect or improve thermal refuge including spring reconnection and increase hyporheic connection. This work may also habitat enhancement like wood placement at thermal refuge features.,0.23895245452914843,0,6,"Thermal Refuge Enhancement (reconnect, expand) action alignment score",6
UGR13,Upper Grande Ronde,8,Water Quality Improvement (not including temperature),"Actions that reduce pollutant inputs or improve water quality conditions, excluding temperature. Common sources include fine sediment from roads, agricultural runoff (e.g., nutrients, E. coli from livestock), and point source discharges. Specific action types may include road grading and drainage improvements, road decommissioning or abandonment, grazing management, and reduction or mitigation of point source impacts.",0.17481565005295463,0,6,Water Quality Improvement (not including temperature) action alignment score,8
UGR13,Upper Grande Ronde,9,Nutrient Enhancement,"Addition of organic and inorganic nutrients, primarily through salmon carcass additions.",0.14256147516960307,0,6,Nutrient Enhancement action alignment score,10
UGR13,Upper Grande Ronde,10,Upland Treatments,"Actions that modify upland vegetation to improve watershed hydrology such as forest thinning. These treatments are intended to increase snow retention, improve soil moisture, and/or extend late-season flows.   Forest management to create fire resilience and forest health, with potential hydrologic and sedimentation benefits. May include invasive and weed treatment in uplands.",0.17327138943479906,0,6,Upland Treatments action alignment score,9
UGR13,Upper Grande Ronde,11,Species Management (non-native or unnatural),"Actions that reduce predation pressure on native salmonids from non-native species or native species present at elevated levels. Targets may include piscivorous birds (e.g., cormorants), and predatory fish (e.g., bass, catfish and native pikeminnow). This category includes management of brook trout in habitats occupied by or targeted for recovery of native bull trout, where brook trout competition and hybridization pose a threat to bull trout persistence.",0.08642210829472742,0,6,Species Management (non-native or unnatural) action alignment score,11
UGR14,Upper Grande Ronde,1,Protect Land (Easement and Acquisition),Protect land and water with positive habitat value through conservation easements or title acquisition. Does not include water acquisition or leases.,0.5018699251065957,1,6,Protect Land (Easement and Acquisition) action alignment score,5
UGR14,Upper Grande Ronde,2,Instream Complexity Improvement,"Improve the complexity of the river below the ordinary high-water mark or bankfull stage. Action types may include placing large wood or boulders, gravel augmentation, riffle construction, pool construction, or channel reconstruction including channel remeandering and realignment, and developing new channels.",0.932712654484232,1,6,Instream Complexity Improvement action alignment score,2
UGR14,Upper Grande Ronde,3,Floodplain – Reconnect and Restore,"Actions that add complexity or improve connectivity within the current floodplain, or expand the floodplain area. Actions that improve the current floodplain may include vegetation or topography modifications, wetland enhancement, and beaver restoration. Actions that expand the floodplain may include levee modification and infrastructure modification/removal or instream modification intended to encourage floodplain reconnection. Actions may also add complexity to the floodplain through wood and other habitat feature additions.",1.0844926112774922,1,6,Floodplain – Reconnect and Restore action alignment score,1
UGR14,Upper Grande Ronde,4,Riparian Vegetation Restoration,"Restoration of riparian vegetation through protection actions (e.g., riparian fencing, off-site stock water, non-native plant removal) or planting and establishment of new riparian or aquatic plants.",0.8856375800333217,1,6,Riparian Vegetation Restoration action alignment score,3
UGR14,Upper Grande Ronde,5,Fish Passage – Barrier Removal and Replacement,Removal or replacement of in-stream structures that impede fish passage and improve access for fish. Common examples include irrigation diversion structures and culvert removal or replacements. Actions in this category may address partial or full fish passage barriers,0.3667779803724035,1,6,Fish Passage – Barrier Removal and Replacement action alignment score,6
UGR14,Upper Grande Ronde,6,Instream Flow Restoration,Actions that increase flow amounts including actions such as acquiring/leasing instream flow rights or irrigation system upgrades that reduce irrigation withdrawal needs.,0.5243826296311331,1,6,Instream Flow Restoration action alignment score,4
UGR14,Upper Grande Ronde,7,"Thermal Refuge Enhancement (reconnect, expand)",Actions intended to reconnect or improve thermal refuge including spring reconnection and increase hyporheic connection. This work may also habitat enhancement like wood placement at thermal refuge features.,0.19848056165322825,1,6,"Thermal Refuge Enhancement (reconnect, expand) action alignment score",8
UGR14,Upper Grande Ronde,8,Water Quality Improvement (not including temperature),"Actions that reduce pollutant inputs or improve water quality conditions, excluding temperature. Common sources include fine sediment from roads, agricultural runoff (e.g., nutrients, E. coli from livestock), and point source discharges. Specific action types may include road grading and drainage improvements, road decommissioning or abandonment, grazing management, and reduction or mitigation of point source impacts.",0.15400314292161263,1,6,Water Quality Improvement (not including temperature) action alignment score,11
UGR14,Upper Grande Ronde,9,Nutrient Enhancement,"Addition of organic and inorganic nutrients, primarily through salmon carcass additions.",0.16932902262531335,1,6,Nutrient Enhancement action alignment score,10
UGR14,Upper Grande Ronde,10,Upland Treatments,"Actions that modify upland vegetation to improve watershed hydrology such as forest thinning. These treatments are intended to increase snow retention, improve soil moisture, and/or extend late-season flows.   Forest management to create fire resilience and forest health, with potential hydrologic and sedimentation benefits. May include invasive and weed treatment in uplands.",0.1917333839125398,1,6,Upland Treatments action alignment score,9
UGR14,Upper Grande Ronde,11,Species Management (non-native or unnatural),"Actions that reduce predation pressure on native salmonids from non-native species or native species present at elevated levels. Targets may include piscivorous birds (e.g., cormorants), and predatory fish (e.g., bass, catfish and native pikeminnow). This category includes management of brook trout in habitats occupied by or targeted for recovery of native bull trout, where brook trout competition and hybridization pose a threat to bull trout persistence.",0.32261281017557203,1,6,Species Management (non-native or unnatural) action alignment score,7
UGR15,Upper Grande Ronde,1,Protect Land (Easement and Acquisition),Protect land and water with positive habitat value through conservation easements or title acquisition. Does not include water acquisition or leases.,0.49975275761786214,1,6,Protect Land (Easement and Acquisition) action alignment score,5
UGR15,Upper Grande Ronde,2,Instream Complexity Improvement,"Improve the complexity of the river below the ordinary high-water mark or bankfull stage. Action types may include placing large wood or boulders, gravel augmentation, riffle construction, pool construction, or channel reconstruction including channel remeandering and realignment, and developing new channels.",0.7962092588109431,1,6,Instream Complexity Improvement action alignment score,4
UGR15,Upper Grande Ronde,3,Floodplain – Reconnect and Restore,"Actions that add complexity or improve connectivity within the current floodplain, or expand the floodplain area. Actions that improve the current floodplain may include vegetation or topography modifications, wetland enhancement, and beaver restoration. Actions that expand the floodplain may include levee modification and infrastructure modification/removal or instream modification intended to encourage floodplain reconnection. Actions may also add complexity to the floodplain through wood and other habitat feature additions.",1.2116017355429916,1,6,Floodplain – Reconnect and Restore action alignment score,1
UGR15,Upper Grande Ronde,4,Riparian Vegetation Restoration,"Restoration of riparian vegetation through protection actions (e.g., riparian fencing, off-site stock water, non-native plant removal) or planting and establishment of new riparian or aquatic plants.",0.8844457194474483,1,6,Riparian Vegetation Restoration action alignment score,2
UGR15,Upper Grande Ronde,5,Fish Passage – Barrier Removal and Replacement,Removal or replacement of in-stream structures that impede fish passage and improve access for fish. Common examples include irrigation diversion structures and culvert removal or replacements. Actions in this category may address partial or full fish passage barriers,0.3736835662455482,1,6,Fish Passage – Barrier Removal and Replacement action alignment score,7
UGR15,Upper Grande Ronde,6,Instream Flow Restoration,Actions that increase flow amounts including actions such as acquiring/leasing instream flow rights or irrigation system upgrades that reduce irrigation withdrawal needs.,0.8020018129306606,1,6,Instream Flow Restoration action alignment score,3
UGR15,Upper Grande Ronde,7,"Thermal Refuge Enhancement (reconnect, expand)",Actions intended to reconnect or improve thermal refuge including spring reconnection and increase hyporheic connection. This work may also habitat enhancement like wood placement at thermal refuge features.,0.44104251365949565,1,6,"Thermal Refuge Enhancement (reconnect, expand) action alignment score",6
UGR15,Upper Grande Ronde,8,Water Quality Improvement (not including temperature),"Actions that reduce pollutant inputs or improve water quality conditions, excluding temperature. Common sources include fine sediment from roads, agricultural runoff (e.g., nutrients, E. coli from livestock), and point source discharges. Specific action types may include road grading and drainage improvements, road decommissioning or abandonment, grazing management, and reduction or mitigation of point source impacts.",0.27341082888317253,1,6,Water Quality Improvement (not including temperature) action alignment score,9
UGR15,Upper Grande Ronde,9,Nutrient Enhancement,"Addition of organic and inorganic nutrients, primarily through salmon carcass additions.",0.17070867413273974,1,6,Nutrient Enhancement action alignment score,10
UGR15,Upper Grande Ronde,10,Upland Treatments,"Actions that modify upland vegetation to improve watershed hydrology such as forest thinning. These treatments are intended to increase snow retention, improve soil moisture, and/or extend late-season flows.   Forest management to create fire resilience and forest health, with potential hydrologic and sedimentation benefits. May include invasive and weed treatment in uplands.",0.29466659326058003,1,6,Upland Treatments action alignment score,8
UGR15,Upper Grande Ronde,11,Species Management (non-native or unnatural),"Actions that reduce predation pressure on native salmonids from non-native species or native species present at elevated levels. Targets may include piscivorous birds (e.g., cormorants), and predatory fish (e.g., bass, catfish and native pikeminnow). This category includes management of brook trout in habitats occupied by or targeted for recovery of native bull trout, where brook trout competition and hybridization pose a threat to bull trout persistence.",0.1028448864335008,1,6,Species Management (non-native or unnatural) action alignment score,11
UGR16,Upper Grande Ronde,1,Protect Land (Easement and Acquisition),Protect land and water with positive habitat value through conservation easements or title acquisition. Does not include water acquisition or leases.,0.24299298887002588,2,6,Protect Land (Easement and Acquisition) action alignment score,5
UGR16,Upper Grande Ronde,2,Instream Complexity Improvement,"Improve the complexity of the river below the ordinary high-water mark or bankfull stage. Action types may include placing large wood or boulders, gravel augmentation, riffle construction, pool construction, or channel reconstruction including channel remeandering and realignment, and developing new channels.",0.4454552130919668,2,6,Instream Complexity Improvement action alignment score,3
UGR16,Upper Grande Ronde,3,Floodplain – Reconnect and Restore,"Actions that add complexity or improve connectivity within the current floodplain, or expand the floodplain area. Actions that improve the current floodplain may include vegetation or topography modifications, wetland enhancement, and beaver restoration. Actions that expand the floodplain may include levee modification and infrastructure modification/removal or instream modification intended to encourage floodplain reconnection. Actions may also add complexity to the floodplain through wood and other habitat feature additions.",0.5718649386483486,2,6,Floodplain – Reconnect and Restore action alignment score,1
UGR16,Upper Grande Ronde,4,Riparian Vegetation Restoration,"Restoration of riparian vegetation through protection actions (e.g., riparian fencing, off-site stock water, non-native plant removal) or planting and establishment of new riparian or aquatic plants.",0.5138618802160566,2,6,Riparian Vegetation Restoration action alignment score,2
UGR16,Upper Grande Ronde,5,Fish Passage – Barrier Removal and Replacement,Removal or replacement of in-stream structures that impede fish passage and improve access for fish. Common examples include irrigation diversion structures and culvert removal or replacements. Actions in this category may address partial or full fish passage barriers,0.13244963039840332,2,6,Fish Passage – Barrier Removal and Replacement action alignment score,6
UGR16,Upper Grande Ronde,6,Instream Flow Restoration,Actions that increase flow amounts including actions such as acquiring/leasing instream flow rights or irrigation system upgrades that reduce irrigation withdrawal needs.,0.25145503022699467,2,6,Instream Flow Restoration action alignment score,4
UGR16,Upper Grande Ronde,7,"Thermal Refuge Enhancement (reconnect, expand)",Actions intended to reconnect or improve thermal refuge including spring reconnection and increase hyporheic connection. This work may also habitat enhancement like wood placement at thermal refuge features.,0.13166888204649324,2,6,"Thermal Refuge Enhancement (reconnect, expand) action alignment score",7
UGR16,Upper Grande Ronde,8,Water Quality Improvement (not including temperature),"Actions that reduce pollutant inputs or improve water quality conditions, excluding temperature. Common sources include fine sediment from roads, agricultural runoff (e.g., nutrients, E. coli from livestock), and point source discharges. Specific action types may include road grading and drainage improvements, road decommissioning or abandonment, grazing management, and reduction or mitigation of point source impacts.",0.08814861834375746,2,6,Water Quality Improvement (not including temperature) action alignment score,10
UGR16,Upper Grande Ronde,9,Nutrient Enhancement,"Addition of organic and inorganic nutrients, primarily through salmon carcass additions.",0.12343831522047853,2,6,Nutrient Enhancement action alignment score,8
UGR16,Upper Grande Ronde,10,Upland Treatments,"Actions that modify upland vegetation to improve watershed hydrology such as forest thinning. These treatments are intended to increase snow retention, improve soil moisture, and/or extend late-season flows.   Forest management to create fire resilience and forest health, with potential hydrologic and sedimentation benefits. May include invasive and weed treatment in uplands.",0.09188318150531735,2,6,Upland Treatments action alignment score,9
UGR16,Upper Grande Ronde,11,Species Management (non-native or unnatural),"Actions that reduce predation pressure on native salmonids from non-native species or native species present at elevated levels. Targets may include piscivorous birds (e.g., cormorants), and predatory fish (e.g., bass, catfish and native pikeminnow). This category includes management of brook trout in habitats occupied by or targeted for recovery of native bull trout, where brook trout competition and hybridization pose a threat to bull trout persistence.",0.011142883057088143,2,6,Species Management (non-native or unnatural) action alignment score,11
UGR17,Upper Grande Ronde,1,Protect Land (Easement and Acquisition),Protect land and water with positive habitat value through conservation easements or title acquisition. Does not include water acquisition or leases.,0.7055513812959113,4,6,Protect Land (Easement and Acquisition) action alignment score,5
UGR17,Upper Grande Ronde,2,Instream Complexity Improvement,"Improve the complexity of the river below the ordinary high-water mark or bankfull stage. Action types may include placing large wood or boulders, gravel augmentation, riffle construction, pool construction, or channel reconstruction including channel remeandering and realignment, and developing new channels.",1.2738703701476621,4,6,Instream Complexity Improvement action alignment score,3
UGR17,Upper Grande Ronde,3,Floodplain – Reconnect and Restore,"Actions that add complexity or improve connectivity within the current floodplain, or expand the floodplain area. Actions that improve the current floodplain may include vegetation or topography modifications, wetland enhancement, and beaver restoration. Actions that expand the floodplain may include levee modification and infrastructure modification/removal or instream modification intended to encourage floodplain reconnection. Actions may also add complexity to the floodplain through wood and other habitat feature additions.",1.5541703131346498,4,6,Floodplain – Reconnect and Restore action alignment score,1
UGR17,Upper Grande Ronde,4,Riparian Vegetation Restoration,"Restoration of riparian vegetation through protection actions (e.g., riparian fencing, off-site stock water, non-native plant removal) or planting and establishment of new riparian or aquatic plants.",1.405866727574662,4,6,Riparian Vegetation Restoration action alignment score,2
UGR17,Upper Grande Ronde,5,Fish Passage – Barrier Removal and Replacement,Removal or replacement of in-stream structures that impede fish passage and improve access for fish. Common examples include irrigation diversion structures and culvert removal or replacements. Actions in this category may address partial or full fish passage barriers,0.4277139439204885,4,6,Fish Passage – Barrier Removal and Replacement action alignment score,7
UGR17,Upper Grande Ronde,6,Instream Flow Restoration,Actions that increase flow amounts including actions such as acquiring/leasing instream flow rights or irrigation system upgrades that reduce irrigation withdrawal needs.,0.8464604403733138,4,6,Instream Flow Restoration action alignment score,4
UGR17,Upper Grande Ronde,7,"Thermal Refuge Enhancement (reconnect, expand)",Actions intended to reconnect or improve thermal refuge including spring reconnection and increase hyporheic connection. This work may also habitat enhancement like wood placement at thermal refuge features.,0.44805073155232794,4,6,"Thermal Refuge Enhancement (reconnect, expand) action alignment score",6
UGR17,Upper Grande Ronde,8,Water Quality Improvement (not including temperature),"Actions that reduce pollutant inputs or improve water quality conditions, excluding temperature. Common sources include fine sediment from roads, agricultural runoff (e.g., nutrients, E. coli from livestock), and point source discharges. Specific action types may include road grading and drainage improvements, road decommissioning or abandonment, grazing management, and reduction or mitigation of point source impacts.",0.2849479468706526,4,6,Water Quality Improvement (not including temperature) action alignment score,10
UGR17,Upper Grande Ronde,9,Nutrient Enhancement,"Addition of organic and inorganic nutrients, primarily through salmon carcass additions.",0.3074747925915837,4,6,Nutrient Enhancement action alignment score,8
UGR17,Upper Grande Ronde,10,Upland Treatments,"Actions that modify upland vegetation to improve watershed hydrology such as forest thinning. These treatments are intended to increase snow retention, improve soil moisture, and/or extend late-season flows.   Forest management to create fire resilience and forest health, with potential hydrologic and sedimentation benefits. May include invasive and weed treatment in uplands.",0.28872720443129724,4,6,Upland Treatments action alignment score,9
UGR17,Upper Grande Ronde,11,Species Management (non-native or unnatural),"Actions that reduce predation pressure on native salmonids from non-native species or native species present at elevated levels. Targets may include piscivorous birds (e.g., cormorants), and predatory fish (e.g., bass, catfish and native pikeminnow). This category includes management of brook trout in habitats occupied by or targeted for recovery of native bull trout, where brook trout competition and hybridization pose a threat to bull trout persistence.",0.10246271925149224,4,6,Species Management (non-native or unnatural) action alignment score,11
UGR18,Upper Grande Ronde,1,Protect Land (Easement and Acquisition),Protect land and water with positive habitat value through conservation easements or title acquisition. Does not include water acquisition or leases.,0.32425827075037306,2,6,Protect Land (Easement and Acquisition) action alignment score,5
UGR18,Upper Grande Ronde,2,Instream Complexity Improvement,"Improve the complexity of the river below the ordinary high-water mark or bankfull stage. Action types may include placing large wood or boulders, gravel augmentation, riffle construction, pool construction, or channel reconstruction including channel remeandering and realignment, and developing new channels.",0.591627081742315,2,6,Instream Complexity Improvement action alignment score,3
UGR18,Upper Grande Ronde,3,Floodplain – Reconnect and Restore,"Actions that add complexity or improve connectivity within the current floodplain, or expand the floodplain area. Actions that improve the current floodplain may include vegetation or topography modifications, wetland enhancement, and beaver restoration. Actions that expand the floodplain may include levee modification and infrastructure modification/removal or instream modification intended to encourage floodplain reconnection. Actions may also add complexity to the floodplain through wood and other habitat feature additions.",0.716403306690012,2,6,Floodplain – Reconnect and Restore action alignment score,1
UGR18,Upper Grande Ronde,4,Riparian Vegetation Restoration,"Restoration of riparian vegetation through protection actions (e.g., riparian fencing, off-site stock water, non-native plant removal) or planting and establishment of new riparian or aquatic plants.",0.6141213355049044,2,6,Riparian Vegetation Restoration action alignment score,2
UGR18,Upper Grande Ronde,5,Fish Passage – Barrier Removal and Replacement,Removal or replacement of in-stream structures that impede fish passage and improve access for fish. Common examples include irrigation diversion structures and culvert removal or replacements. Actions in this category may address partial or full fish passage barriers,0.18405016090515822,2,6,Fish Passage – Barrier Removal and Replacement action alignment score,7
UGR18,Upper Grande Ronde,6,Instream Flow Restoration,Actions that increase flow amounts including actions such as acquiring/leasing instream flow rights or irrigation system upgrades that reduce irrigation withdrawal needs.,0.3703902887299244,2,6,Instream Flow Restoration action alignment score,4
UGR18,Upper Grande Ronde,7,"Thermal Refuge Enhancement (reconnect, expand)",Actions intended to reconnect or improve thermal refuge including spring reconnection and increase hyporheic connection. This work may also habitat enhancement like wood placement at thermal refuge features.,0.19386679338564963,2,6,"Thermal Refuge Enhancement (reconnect, expand) action alignment score",6
UGR18,Upper Grande Ronde,8,Water Quality Improvement (not including temperature),"Actions that reduce pollutant inputs or improve water quality conditions, excluding temperature. Common sources include fine sediment from roads, agricultural runoff (e.g., nutrients, E. coli from livestock), and point source discharges. Specific action types may include road grading and drainage improvements, road decommissioning or abandonment, grazing management, and reduction or mitigation of point source impacts.",0.12130873927811879,2,6,Water Quality Improvement (not including temperature) action alignment score,9
UGR18,Upper Grande Ronde,9,Nutrient Enhancement,"Addition of organic and inorganic nutrients, primarily through salmon carcass additions.",0.08722916635499403,2,6,Nutrient Enhancement action alignment score,10
UGR18,Upper Grande Ronde,10,Upland Treatments,"Actions that modify upland vegetation to improve watershed hydrology such as forest thinning. These treatments are intended to increase snow retention, improve soil moisture, and/or extend late-season flows.   Forest management to create fire resilience and forest health, with potential hydrologic and sedimentation benefits. May include invasive and weed treatment in uplands.",0.13213585425795366,2,6,Upland Treatments action alignment score,8
UGR18,Upper Grande Ronde,11,Species Management (non-native or unnatural),"Actions that reduce predation pressure on native salmonids from non-native species or native species present at elevated levels. Targets may include piscivorous birds (e.g., cormorants), and predatory fish (e.g., bass, catfish and native pikeminnow). This category includes management of brook trout in habitats occupied by or targeted for recovery of native bull trout, where brook trout competition and hybridization pose a threat to bull trout persistence.",0.047340891363017314,2,6,Species Management (non-native or unnatural) action alignment score,11
UGR19,Upper Grande Ronde,1,Protect Land (Easement and Acquisition),Protect land and water with positive habitat value through conservation easements or title acquisition. Does not include water acquisition or leases.,0.5468824672270444,3,6,Protect Land (Easement and Acquisition) action alignment score,5
UGR19,Upper Grande Ronde,2,Instream Complexity Improvement,"Improve the complexity of the river below the ordinary high-water mark or bankfull stage. Action types may include placing large wood or boulders, gravel augmentation, riffle construction, pool construction, or channel reconstruction including channel remeandering and realignment, and developing new channels.",0.8274642253725926,3,6,Instream Complexity Improvement action alignment score,3
UGR19,Upper Grande Ronde,3,Floodplain – Reconnect and Restore,"Actions that add complexity or improve connectivity within the current floodplain, or expand the floodplain area. Actions that improve the current floodplain may include vegetation or topography modifications, wetland enhancement, and beaver restoration. Actions that expand the floodplain may include levee modification and infrastructure modification/removal or instream modification intended to encourage floodplain reconnection. Actions may also add complexity to the floodplain through wood and other habitat feature additions.",1.1739835167490698,3,6,Floodplain – Reconnect and Restore action alignment score,1
UGR19,Upper Grande Ronde,4,Riparian Vegetation Restoration,"Restoration of riparian vegetation through protection actions (e.g., riparian fencing, off-site stock water, non-native plant removal) or planting and establishment of new riparian or aquatic plants.",0.9984996719166931,3,6,Riparian Vegetation Restoration action alignment score,2
UGR19,Upper Grande Ronde,5,Fish Passage – Barrier Removal and Replacement,Removal or replacement of in-stream structures that impede fish passage and improve access for fish. Common examples include irrigation diversion structures and culvert removal or replacements. Actions in this category may address partial or full fish passage barriers,0.45296826306972243,3,6,Fish Passage – Barrier Removal and Replacement action alignment score,6
UGR19,Upper Grande Ronde,6,Instream Flow Restoration,Actions that increase flow amounts including actions such as acquiring/leasing instream flow rights or irrigation system upgrades that reduce irrigation withdrawal needs.,0.7089210495137883,3,6,Instream Flow Restoration action alignment score,4
UGR19,Upper Grande Ronde,7,"Thermal Refuge Enhancement (reconnect, expand)",Actions intended to reconnect or improve thermal refuge including spring reconnection and increase hyporheic connection. This work may also habitat enhancement like wood placement at thermal refuge features.,0.4029920585817201,3,6,"Thermal Refuge Enhancement (reconnect, expand) action alignment score",7
UGR19,Upper Grande Ronde,8,Water Quality Improvement (not including temperature),"Actions that reduce pollutant inputs or improve water quality conditions, excluding temperature. Common sources include fine sediment from roads, agricultural runoff (e.g., nutrients, E. coli from livestock), and point source discharges. Specific action types may include road grading and drainage improvements, road decommissioning or abandonment, grazing management, and reduction or mitigation of point source impacts.",0.20262493452251293,3,6,Water Quality Improvement (not including temperature) action alignment score,10
UGR19,Upper Grande Ronde,9,Nutrient Enhancement,"Addition of organic and inorganic nutrients, primarily through salmon carcass additions.",0.21453272177817848,3,6,Nutrient Enhancement action alignment score,9
UGR19,Upper Grande Ronde,10,Upland Treatments,"Actions that modify upland vegetation to improve watershed hydrology such as forest thinning. These treatments are intended to increase snow retention, improve soil moisture, and/or extend late-season flows.   Forest management to create fire resilience and forest health, with potential hydrologic and sedimentation benefits. May include invasive and weed treatment in uplands.",0.26258595442540295,3,6,Upland Treatments action alignment score,8
UGR19,Upper Grande Ronde,11,Species Management (non-native or unnatural),"Actions that reduce predation pressure on native salmonids from non-native species or native species present at elevated levels. Targets may include piscivorous birds (e.g., cormorants), and predatory fish (e.g., bass, catfish and native pikeminnow). This category includes management of brook trout in habitats occupied by or targeted for recovery of native bull trout, where brook trout competition and hybridization pose a threat to bull trout persistence.",0.05394084846704636,3,6,Species Management (non-native or unnatural) action alignment score,11
UGR2,Upper Grande Ronde,1,Protect Land (Easement and Acquisition),Protect land and water with positive habitat value through conservation easements or title acquisition. Does not include water acquisition or leases.,0.14774189277084163,3,6,Protect Land (Easement and Acquisition) action alignment score,5
UGR2,Upper Grande Ronde,2,Instream Complexity Improvement,"Improve the complexity of the river below the ordinary high-water mark or bankfull stage. Action types may include placing large wood or boulders, gravel augmentation, riffle construction, pool construction, or channel reconstruction including channel remeandering and realignment, and developing new channels.",0.25723100990037806,3,6,Instream Complexity Improvement action alignment score,2
UGR2,Upper Grande Ronde,3,Floodplain – Reconnect and Restore,"Actions that add complexity or improve connectivity within the current floodplain, or expand the floodplain area. Actions that improve the current floodplain may include vegetation or topography modifications, wetland enhancement, and beaver restoration. Actions that expand the floodplain may include levee modification and infrastructure modification/removal or instream modification intended to encourage floodplain reconnection. Actions may also add complexity to the floodplain through wood and other habitat feature additions.",0.30555875825472045,3,6,Floodplain – Reconnect and Restore action alignment score,1
UGR2,Upper Grande Ronde,4,Riparian Vegetation Restoration,"Restoration of riparian vegetation through protection actions (e.g., riparian fencing, off-site stock water, non-native plant removal) or planting and establishment of new riparian or aquatic plants.",0.2562404659467917,3,6,Riparian Vegetation Restoration action alignment score,3
UGR2,Upper Grande Ronde,5,Fish Passage – Barrier Removal and Replacement,Removal or replacement of in-stream structures that impede fish passage and improve access for fish. Common examples include irrigation diversion structures and culvert removal or replacements. Actions in this category may address partial or full fish passage barriers,0.09858689004599583,3,6,Fish Passage – Barrier Removal and Replacement action alignment score,6
UGR2,Upper Grande Ronde,6,Instream Flow Restoration,Actions that increase flow amounts including actions such as acquiring/leasing instream flow rights or irrigation system upgrades that reduce irrigation withdrawal needs.,0.2066513295563918,3,6,Instream Flow Restoration action alignment score,4
UGR2,Upper Grande Ronde,7,"Thermal Refuge Enhancement (reconnect, expand)",Actions intended to reconnect or improve thermal refuge including spring reconnection and increase hyporheic connection. This work may also habitat enhancement like wood placement at thermal refuge features.,0.08885136660861023,3,6,"Thermal Refuge Enhancement (reconnect, expand) action alignment score",7
UGR2,Upper Grande Ronde,8,Water Quality Improvement (not including temperature),"Actions that reduce pollutant inputs or improve water quality conditions, excluding temperature. Common sources include fine sediment from roads, agricultural runoff (e.g., nutrients, E. coli from livestock), and point source discharges. Specific action types may include road grading and drainage improvements, road decommissioning or abandonment, grazing management, and reduction or mitigation of point source impacts.",0.08624565584306108,3,6,Water Quality Improvement (not including temperature) action alignment score,8
UGR2,Upper Grande Ronde,9,Nutrient Enhancement,"Addition of organic and inorganic nutrients, primarily through salmon carcass additions.",0.03279725047217967,3,6,Nutrient Enhancement action alignment score,10
UGR2,Upper Grande Ronde,10,Upland Treatments,"Actions that modify upland vegetation to improve watershed hydrology such as forest thinning. These treatments are intended to increase snow retention, improve soil moisture, and/or extend late-season flows.   Forest management to create fire resilience and forest health, with potential hydrologic and sedimentation benefits. May include invasive and weed treatment in uplands.",0.06314128019923897,3,6,Upland Treatments action alignment score,9
UGR2,Upper Grande Ronde,11,Species Management (non-native or unnatural),"Actions that reduce predation pressure on native salmonids from non-native species or native species present at elevated levels. Targets may include piscivorous birds (e.g., cormorants), and predatory fish (e.g., bass, catfish and native pikeminnow). This category includes management of brook trout in habitats occupied by or targeted for recovery of native bull trout, where brook trout competition and hybridization pose a threat to bull trout persistence.",0.02674889867301035,3,6,Species Management (non-native or unnatural) action alignment score,11
UGR20,Upper Grande Ronde,1,Protect Land (Easement and Acquisition),Protect land and water with positive habitat value through conservation easements or title acquisition. Does not include water acquisition or leases.,0.4420918874209859,5,6,Protect Land (Easement and Acquisition) action alignment score,6
UGR20,Upper Grande Ronde,2,Instream Complexity Improvement,"Improve the complexity of the river below the ordinary high-water mark or bankfull stage. Action types may include placing large wood or boulders, gravel augmentation, riffle construction, pool construction, or channel reconstruction including channel remeandering and realignment, and developing new channels.",0.8596487767849632,5,6,Instream Complexity Improvement action alignment score,2
UGR20,Upper Grande Ronde,3,Floodplain – Reconnect and Restore,"Actions that add complexity or improve connectivity within the current floodplain, or expand the floodplain area. Actions that improve the current floodplain may include vegetation or topography modifications, wetland enhancement, and beaver restoration. Actions that expand the floodplain may include levee modification and infrastructure modification/removal or instream modification intended to encourage floodplain reconnection. Actions may also add complexity to the floodplain through wood and other habitat feature additions.",1.1395345765820384,5,6,Floodplain – Reconnect and Restore action alignment score,1
UGR20,Upper Grande Ronde,4,Riparian Vegetation Restoration,"Restoration of riparian vegetation through protection actions (e.g., riparian fencing, off-site stock water, non-native plant removal) or planting and establishment of new riparian or aquatic plants.",0.7736160882937575,5,6,Riparian Vegetation Restoration action alignment score,3
UGR20,Upper Grande Ronde,5,Fish Passage – Barrier Removal and Replacement,Removal or replacement of in-stream structures that impede fish passage and improve access for fish. Common examples include irrigation diversion structures and culvert removal or replacements. Actions in this category may address partial or full fish passage barriers,0.33753932994787605,5,6,Fish Passage – Barrier Removal and Replacement action alignment score,8
UGR20,Upper Grande Ronde,6,Instream Flow Restoration,Actions that increase flow amounts including actions such as acquiring/leasing instream flow rights or irrigation system upgrades that reduce irrigation withdrawal needs.,0.5922771423863262,5,6,Instream Flow Restoration action alignment score,5
UGR20,Upper Grande Ronde,7,"Thermal Refuge Enhancement (reconnect, expand)",Actions intended to reconnect or improve thermal refuge including spring reconnection and increase hyporheic connection. This work may also habitat enhancement like wood placement at thermal refuge features.,0.41441295605304923,5,6,"Thermal Refuge Enhancement (reconnect, expand) action alignment score",7
UGR20,Upper Grande Ronde,8,Water Quality Improvement (not including temperature),"Actions that reduce pollutant inputs or improve water quality conditions, excluding temperature. Common sources include fine sediment from roads, agricultural runoff (e.g., nutrients, E. coli from livestock), and point source discharges. Specific action types may include road grading and drainage improvements, road decommissioning or abandonment, grazing management, and reduction or mitigation of point source impacts.",0.15695912727021488,5,6,Water Quality Improvement (not including temperature) action alignment score,10
UGR20,Upper Grande Ronde,9,Nutrient Enhancement,"Addition of organic and inorganic nutrients, primarily through salmon carcass additions.",0.154248946156919,5,6,Nutrient Enhancement action alignment score,11
UGR20,Upper Grande Ronde,10,Upland Treatments,"Actions that modify upland vegetation to improve watershed hydrology such as forest thinning. These treatments are intended to increase snow retention, improve soil moisture, and/or extend late-season flows.   Forest management to create fire resilience and forest health, with potential hydrologic and sedimentation benefits. May include invasive and weed treatment in uplands.",0.26033590852050836,5,6,Upland Treatments action alignment score,9
UGR20,Upper Grande Ronde,11,Species Management (non-native or unnatural),"Actions that reduce predation pressure on native salmonids from non-native species or native species present at elevated levels. Targets may include piscivorous birds (e.g., cormorants), and predatory fish (e.g., bass, catfish and native pikeminnow). This category includes management of brook trout in habitats occupied by or targeted for recovery of native bull trout, where brook trout competition and hybridization pose a threat to bull trout persistence.",0.6713209697840777,5,6,Species Management (non-native or unnatural) action alignment score,4
UGR3,Upper Grande Ronde,1,Protect Land (Easement and Acquisition),Protect land and water with positive habitat value through conservation easements or title acquisition. Does not include water acquisition or leases.,0.8256364269394897,2,6,Protect Land (Easement and Acquisition) action alignment score,6
UGR3,Upper Grande Ronde,2,Instream Complexity Improvement,"Improve the complexity of the river below the ordinary high-water mark or bankfull stage. Action types may include placing large wood or boulders, gravel augmentation, riffle construction, pool construction, or channel reconstruction including channel remeandering and realignment, and developing new channels.",1.1161249484020643,2,6,Instream Complexity Improvement action alignment score,4
UGR3,Upper Grande Ronde,3,Floodplain – Reconnect and Restore,"Actions that add complexity or improve connectivity within the current floodplain, or expand the floodplain area. Actions that improve the current floodplain may include vegetation or topography modifications, wetland enhancement, and beaver restoration. Actions that expand the floodplain may include levee modification and infrastructure modification/removal or instream modification intended to encourage floodplain reconnection. Actions may also add complexity to the floodplain through wood and other habitat feature additions.",1.5082881520297156,2,6,Floodplain – Reconnect and Restore action alignment score,2
UGR3,Upper Grande Ronde,4,Riparian Vegetation Restoration,"Restoration of riparian vegetation through protection actions (e.g., riparian fencing, off-site stock water, non-native plant removal) or planting and establishment of new riparian or aquatic plants.",1.2824738544226173,2,6,Riparian Vegetation Restoration action alignment score,3
UGR3,Upper Grande Ronde,5,Fish Passage – Barrier Removal and Replacement,Removal or replacement of in-stream structures that impede fish passage and improve access for fish. Common examples include irrigation diversion structures and culvert removal or replacements. Actions in this category may address partial or full fish passage barriers,0.4955900701177328,2,6,Fish Passage – Barrier Removal and Replacement action alignment score,10
UGR3,Upper Grande Ronde,6,Instream Flow Restoration,Actions that increase flow amounts including actions such as acquiring/leasing instream flow rights or irrigation system upgrades that reduce irrigation withdrawal needs.,1.7369693136081923,2,6,Instream Flow Restoration action alignment score,1
UGR3,Upper Grande Ronde,7,"Thermal Refuge Enhancement (reconnect, expand)",Actions intended to reconnect or improve thermal refuge including spring reconnection and increase hyporheic connection. This work may also habitat enhancement like wood placement at thermal refuge features.,0.7041135285671658,2,6,"Thermal Refuge Enhancement (reconnect, expand) action alignment score",7
UGR3,Upper Grande Ronde,8,Water Quality Improvement (not including temperature),"Actions that reduce pollutant inputs or improve water quality conditions, excluding temperature. Common sources include fine sediment from roads, agricultural runoff (e.g., nutrients, E. coli from livestock), and point source discharges. Specific action types may include road grading and drainage improvements, road decommissioning or abandonment, grazing management, and reduction or mitigation of point source impacts.",0.6404972544077149,2,6,Water Quality Improvement (not including temperature) action alignment score,8
UGR3,Upper Grande Ronde,9,Nutrient Enhancement,"Addition of organic and inorganic nutrients, primarily through salmon carcass additions.",0.2150236970396488,2,6,Nutrient Enhancement action alignment score,11
UGR3,Upper Grande Ronde,10,Upland Treatments,"Actions that modify upland vegetation to improve watershed hydrology such as forest thinning. These treatments are intended to increase snow retention, improve soil moisture, and/or extend late-season flows.   Forest management to create fire resilience and forest health, with potential hydrologic and sedimentation benefits. May include invasive and weed treatment in uplands.",0.5808550199383555,2,6,Upland Treatments action alignment score,9
UGR3,Upper Grande Ronde,11,Species Management (non-native or unnatural),"Actions that reduce predation pressure on native salmonids from non-native species or native species present at elevated levels. Targets may include piscivorous birds (e.g., cormorants), and predatory fish (e.g., bass, catfish and native pikeminnow). This category includes management of brook trout in habitats occupied by or targeted for recovery of native bull trout, where brook trout competition and hybridization pose a threat to bull trout persistence.",1.002561083971901,2,6,Species Management (non-native or unnatural) action alignment score,5
UGR4,Upper Grande Ronde,1,Protect Land (Easement and Acquisition),Protect land and water with positive habitat value through conservation easements or title acquisition. Does not include water acquisition or leases.,0.21727677304765222,3,6,Protect Land (Easement and Acquisition) action alignment score,5
UGR4,Upper Grande Ronde,2,Instream Complexity Improvement,"Improve the complexity of the river below the ordinary high-water mark or bankfull stage. Action types may include placing large wood or boulders, gravel augmentation, riffle construction, pool construction, or channel reconstruction including channel remeandering and realignment, and developing new channels.",0.3857070829935585,3,6,Instream Complexity Improvement action alignment score,3
UGR4,Upper Grande Ronde,3,Floodplain – Reconnect and Restore,"Actions that add complexity or improve connectivity within the current floodplain, or expand the floodplain area. Actions that improve the current floodplain may include vegetation or topography modifications, wetland enhancement, and beaver restoration. Actions that expand the floodplain may include levee modification and infrastructure modification/removal or instream modification intended to encourage floodplain reconnection. Actions may also add complexity to the floodplain through wood and other habitat feature additions.",0.47717364072622365,3,6,Floodplain – Reconnect and Restore action alignment score,1
UGR4,Upper Grande Ronde,4,Riparian Vegetation Restoration,"Restoration of riparian vegetation through protection actions (e.g., riparian fencing, off-site stock water, non-native plant removal) or planting and establishment of new riparian or aquatic plants.",0.411861955035192,3,6,Riparian Vegetation Restoration action alignment score,2
UGR4,Upper Grande Ronde,5,Fish Passage – Barrier Removal and Replacement,Removal or replacement of in-stream structures that impede fish passage and improve access for fish. Common examples include irrigation diversion structures and culvert removal or replacements. Actions in this category may address partial or full fish passage barriers,0.1542610782580581,3,6,Fish Passage – Barrier Removal and Replacement action alignment score,6
UGR4,Upper Grande Ronde,6,Instream Flow Restoration,Actions that increase flow amounts including actions such as acquiring/leasing instream flow rights or irrigation system upgrades that reduce irrigation withdrawal needs.,0.30093056550761044,3,6,Instream Flow Restoration action alignment score,4
UGR4,Upper Grande Ronde,7,"Thermal Refuge Enhancement (reconnect, expand)",Actions intended to reconnect or improve thermal refuge including spring reconnection and increase hyporheic connection. This work may also habitat enhancement like wood placement at thermal refuge features.,0.12889705699139475,3,6,"Thermal Refuge Enhancement (reconnect, expand) action alignment score",7
UGR4,Upper Grande Ronde,8,Water Quality Improvement (not including temperature),"Actions that reduce pollutant inputs or improve water quality conditions, excluding temperature. Common sources include fine sediment from roads, agricultural runoff (e.g., nutrients, E. coli from livestock), and point source discharges. Specific action types may include road grading and drainage improvements, road decommissioning or abandonment, grazing management, and reduction or mitigation of point source impacts.",0.1261740481874254,3,6,Water Quality Improvement (not including temperature) action alignment score,8
UGR4,Upper Grande Ronde,9,Nutrient Enhancement,"Addition of organic and inorganic nutrients, primarily through salmon carcass additions.",0.05323900879874652,3,6,Nutrient Enhancement action alignment score,10
UGR4,Upper Grande Ronde,10,Upland Treatments,"Actions that modify upland vegetation to improve watershed hydrology such as forest thinning. These treatments are intended to increase snow retention, improve soil moisture, and/or extend late-season flows.   Forest management to create fire resilience and forest health, with potential hydrologic and sedimentation benefits. May include invasive and weed treatment in uplands.",0.08627717013927576,3,6,Upland Treatments action alignment score,9
UGR4,Upper Grande Ronde,11,Species Management (non-native or unnatural),"Actions that reduce predation pressure on native salmonids from non-native species or native species present at elevated levels. Targets may include piscivorous birds (e.g., cormorants), and predatory fish (e.g., bass, catfish and native pikeminnow). This category includes management of brook trout in habitats occupied by or targeted for recovery of native bull trout, where brook trout competition and hybridization pose a threat to bull trout persistence.",0.04416522508406287,3,6,Species Management (non-native or unnatural) action alignment score,11
UGR5,Upper Grande Ronde,1,Protect Land (Easement and Acquisition),Protect land and water with positive habitat value through conservation easements or title acquisition. Does not include water acquisition or leases.,1.1088293585277558,3,6,Protect Land (Easement and Acquisition) action alignment score,5
UGR5,Upper Grande Ronde,2,Instream Complexity Improvement,"Improve the complexity of the river below the ordinary high-water mark or bankfull stage. Action types may include placing large wood or boulders, gravel augmentation, riffle construction, pool construction, or channel reconstruction including channel remeandering and realignment, and developing new channels.",1.7836036533602568,3,6,Instream Complexity Improvement action alignment score,4
UGR5,Upper Grande Ronde,3,Floodplain – Reconnect and Restore,"Actions that add complexity or improve connectivity within the current floodplain, or expand the floodplain area. Actions that improve the current floodplain may include vegetation or topography modifications, wetland enhancement, and beaver restoration. Actions that expand the floodplain may include levee modification and infrastructure modification/removal or instream modification intended to encourage floodplain reconnection. Actions may also add complexity to the floodplain through wood and other habitat feature additions.",2.2334727668540593,3,6,Floodplain – Reconnect and Restore action alignment score,1
UGR5,Upper Grande Ronde,4,Riparian Vegetation Restoration,"Restoration of riparian vegetation through protection actions (e.g., riparian fencing, off-site stock water, non-native plant removal) or planting and establishment of new riparian or aquatic plants.",1.919867273819847,3,6,Riparian Vegetation Restoration action alignment score,2
UGR5,Upper Grande Ronde,5,Fish Passage – Barrier Removal and Replacement,Removal or replacement of in-stream structures that impede fish passage and improve access for fish. Common examples include irrigation diversion structures and culvert removal or replacements. Actions in this category may address partial or full fish passage barriers,0.7650898096162954,3,6,Fish Passage – Barrier Removal and Replacement action alignment score,7
UGR5,Upper Grande Ronde,6,Instream Flow Restoration,Actions that increase flow amounts including actions such as acquiring/leasing instream flow rights or irrigation system upgrades that reduce irrigation withdrawal needs.,1.7880981946313175,3,6,Instream Flow Restoration action alignment score,3
UGR5,Upper Grande Ronde,7,"Thermal Refuge Enhancement (reconnect, expand)",Actions intended to reconnect or improve thermal refuge including spring reconnection and increase hyporheic connection. This work may also habitat enhancement like wood placement at thermal refuge features.,0.7482845266887386,3,6,"Thermal Refuge Enhancement (reconnect, expand) action alignment score",8
UGR5,Upper Grande Ronde,8,Water Quality Improvement (not including temperature),"Actions that reduce pollutant inputs or improve water quality conditions, excluding temperature. Common sources include fine sediment from roads, agricultural runoff (e.g., nutrients, E. coli from livestock), and point source discharges. Specific action types may include road grading and drainage improvements, road decommissioning or abandonment, grazing management, and reduction or mitigation of point source impacts.",0.6877352422166931,3,6,Water Quality Improvement (not including temperature) action alignment score,9
UGR5,Upper Grande Ronde,9,Nutrient Enhancement,"Addition of organic and inorganic nutrients, primarily through salmon carcass additions.",0.2932316093790092,3,6,Nutrient Enhancement action alignment score,11
UGR5,Upper Grande Ronde,10,Upland Treatments,"Actions that modify upland vegetation to improve watershed hydrology such as forest thinning. These treatments are intended to increase snow retention, improve soil moisture, and/or extend late-season flows.   Forest management to create fire resilience and forest health, with potential hydrologic and sedimentation benefits. May include invasive and weed treatment in uplands.",0.5420151914995822,3,6,Upland Treatments action alignment score,10
UGR5,Upper Grande Ronde,11,Species Management (non-native or unnatural),"Actions that reduce predation pressure on native salmonids from non-native species or native species present at elevated levels. Targets may include piscivorous birds (e.g., cormorants), and predatory fish (e.g., bass, catfish and native pikeminnow). This category includes management of brook trout in habitats occupied by or targeted for recovery of native bull trout, where brook trout competition and hybridization pose a threat to bull trout persistence.",0.8534092969123956,3,6,Species Management (non-native or unnatural) action alignment score,6
UGR6,Upper Grande Ronde,1,Protect Land (Easement and Acquisition),Protect land and water with positive habitat value through conservation easements or title acquisition. Does not include water acquisition or leases.,0.4936547996064714,1,6,Protect Land (Easement and Acquisition) action alignment score,5
UGR6,Upper Grande Ronde,2,Instream Complexity Improvement,"Improve the complexity of the river below the ordinary high-water mark or bankfull stage. Action types may include placing large wood or boulders, gravel augmentation, riffle construction, pool construction, or channel reconstruction including channel remeandering and realignment, and developing new channels.",1.0568601658058745,1,6,Instream Complexity Improvement action alignment score,2
UGR6,Upper Grande Ronde,3,Floodplain – Reconnect and Restore,"Actions that add complexity or improve connectivity within the current floodplain, or expand the floodplain area. Actions that improve the current floodplain may include vegetation or topography modifications, wetland enhancement, and beaver restoration. Actions that expand the floodplain may include levee modification and infrastructure modification/removal or instream modification intended to encourage floodplain reconnection. Actions may also add complexity to the floodplain through wood and other habitat feature additions.",1.1367738600204238,1,6,Floodplain – Reconnect and Restore action alignment score,1
UGR6,Upper Grande Ronde,4,Riparian Vegetation Restoration,"Restoration of riparian vegetation through protection actions (e.g., riparian fencing, off-site stock water, non-native plant removal) or planting and establishment of new riparian or aquatic plants.",0.8936064085176582,1,6,Riparian Vegetation Restoration action alignment score,3
UGR6,Upper Grande Ronde,5,Fish Passage – Barrier Removal and Replacement,Removal or replacement of in-stream structures that impede fish passage and improve access for fish. Common examples include irrigation diversion structures and culvert removal or replacements. Actions in this category may address partial or full fish passage barriers,0.362752621375766,1,6,Fish Passage – Barrier Removal and Replacement action alignment score,6
UGR6,Upper Grande Ronde,6,Instream Flow Restoration,Actions that increase flow amounts including actions such as acquiring/leasing instream flow rights or irrigation system upgrades that reduce irrigation withdrawal needs.,0.5776207462295117,1,6,Instream Flow Restoration action alignment score,4
UGR6,Upper Grande Ronde,7,"Thermal Refuge Enhancement (reconnect, expand)",Actions intended to reconnect or improve thermal refuge including spring reconnection and increase hyporheic connection. This work may also habitat enhancement like wood placement at thermal refuge features.,0.2561839842797752,1,6,"Thermal Refuge Enhancement (reconnect, expand) action alignment score",8
UGR6,Upper Grande Ronde,8,Water Quality Improvement (not including temperature),"Actions that reduce pollutant inputs or improve water quality conditions, excluding temperature. Common sources include fine sediment from roads, agricultural runoff (e.g., nutrients, E. coli from livestock), and point source discharges. Specific action types may include road grading and drainage improvements, road decommissioning or abandonment, grazing management, and reduction or mitigation of point source impacts.",0.16966389636603163,1,6,Water Quality Improvement (not including temperature) action alignment score,9
UGR6,Upper Grande Ronde,9,Nutrient Enhancement,"Addition of organic and inorganic nutrients, primarily through salmon carcass additions.",0.11124336602636292,1,6,Nutrient Enhancement action alignment score,11
UGR6,Upper Grande Ronde,10,Upland Treatments,"Actions that modify upland vegetation to improve watershed hydrology such as forest thinning. These treatments are intended to increase snow retention, improve soil moisture, and/or extend late-season flows.   Forest management to create fire resilience and forest health, with potential hydrologic and sedimentation benefits. May include invasive and weed treatment in uplands.",0.16781995779275768,1,6,Upland Treatments action alignment score,10
UGR6,Upper Grande Ronde,11,Species Management (non-native or unnatural),"Actions that reduce predation pressure on native salmonids from non-native species or native species present at elevated levels. Targets may include piscivorous birds (e.g., cormorants), and predatory fish (e.g., bass, catfish and native pikeminnow). This category includes management of brook trout in habitats occupied by or targeted for recovery of native bull trout, where brook trout competition and hybridization pose a threat to bull trout persistence.",0.3009509636112565,1,6,Species Management (non-native or unnatural) action alignment score,7
UGR7,Upper Grande Ronde,1,Protect Land (Easement and Acquisition),Protect land and water with positive habitat value through conservation easements or title acquisition. Does not include water acquisition or leases.,0.7158412057341326,1,6,Protect Land (Easement and Acquisition) action alignment score,5
UGR7,Upper Grande Ronde,2,Instream Complexity Improvement,"Improve the complexity of the river below the ordinary high-water mark or bankfull stage. Action types may include placing large wood or boulders, gravel augmentation, riffle construction, pool construction, or channel reconstruction including channel remeandering and realignment, and developing new channels.",1.166975830319469,1,6,Instream Complexity Improvement action alignment score,3
UGR7,Upper Grande Ronde,3,Floodplain – Reconnect and Restore,"Actions that add complexity or improve connectivity within the current floodplain, or expand the floodplain area. Actions that improve the current floodplain may include vegetation or topography modifications, wetland enhancement, and beaver restoration. Actions that expand the floodplain may include levee modification and infrastructure modification/removal or instream modification intended to encourage floodplain reconnection. Actions may also add complexity to the floodplain through wood and other habitat feature additions.",1.4929309551156886,1,6,Floodplain – Reconnect and Restore action alignment score,1
UGR7,Upper Grande Ronde,4,Riparian Vegetation Restoration,"Restoration of riparian vegetation through protection actions (e.g., riparian fencing, off-site stock water, non-native plant removal) or planting and establishment of new riparian or aquatic plants.",1.2677451846292977,1,6,Riparian Vegetation Restoration action alignment score,2
UGR7,Upper Grande Ronde,5,Fish Passage – Barrier Removal and Replacement,Removal or replacement of in-stream structures that impede fish passage and improve access for fish. Common examples include irrigation diversion structures and culvert removal or replacements. Actions in this category may address partial or full fish passage barriers,0.4680938265819141,1,6,Fish Passage – Barrier Removal and Replacement action alignment score,7
UGR7,Upper Grande Ronde,6,Instream Flow Restoration,Actions that increase flow amounts including actions such as acquiring/leasing instream flow rights or irrigation system upgrades that reduce irrigation withdrawal needs.,1.1436762088947374,1,6,Instream Flow Restoration action alignment score,4
UGR7,Upper Grande Ronde,7,"Thermal Refuge Enhancement (reconnect, expand)",Actions intended to reconnect or improve thermal refuge including spring reconnection and increase hyporheic connection. This work may also habitat enhancement like wood placement at thermal refuge features.,0.5038683474554816,1,6,"Thermal Refuge Enhancement (reconnect, expand) action alignment score",6
UGR7,Upper Grande Ronde,8,Water Quality Improvement (not including temperature),"Actions that reduce pollutant inputs or improve water quality conditions, excluding temperature. Common sources include fine sediment from roads, agricultural runoff (e.g., nutrients, E. coli from livestock), and point source discharges. Specific action types may include road grading and drainage improvements, road decommissioning or abandonment, grazing management, and reduction or mitigation of point source impacts.",0.45054880962263233,1,6,Water Quality Improvement (not including temperature) action alignment score,8
UGR7,Upper Grande Ronde,9,Nutrient Enhancement,"Addition of organic and inorganic nutrients, primarily through salmon carcass additions.",0.18737462561471352,1,6,Nutrient Enhancement action alignment score,11
UGR7,Upper Grande Ronde,10,Upland Treatments,"Actions that modify upland vegetation to improve watershed hydrology such as forest thinning. These treatments are intended to increase snow retention, improve soil moisture, and/or extend late-season flows.   Forest management to create fire resilience and forest health, with potential hydrologic and sedimentation benefits. May include invasive and weed treatment in uplands.",0.3578669429695882,1,6,Upland Treatments action alignment score,10
UGR7,Upper Grande Ronde,11,Species Management (non-native or unnatural),"Actions that reduce predation pressure on native salmonids from non-native species or native species present at elevated levels. Targets may include piscivorous birds (e.g., cormorants), and predatory fish (e.g., bass, catfish and native pikeminnow). This category includes management of brook trout in habitats occupied by or targeted for recovery of native bull trout, where brook trout competition and hybridization pose a threat to bull trout persistence.",0.4253155321050836,1,6,Species Management (non-native or unnatural) action alignment score,9
UGR8,Upper Grande Ronde,1,Protect Land (Easement and Acquisition),Protect land and water with positive habitat value through conservation easements or title acquisition. Does not include water acquisition or leases.,0.007116202949462794,7,6,Protect Land (Easement and Acquisition) action alignment score,5
UGR8,Upper Grande Ronde,2,Instream Complexity Improvement,"Improve the complexity of the river below the ordinary high-water mark or bankfull stage. Action types may include placing large wood or boulders, gravel augmentation, riffle construction, pool construction, or channel reconstruction including channel remeandering and realignment, and developing new channels.",0.011470186463529647,7,6,Instream Complexity Improvement action alignment score,3
UGR8,Upper Grande Ronde,3,Floodplain – Reconnect and Restore,"Actions that add complexity or improve connectivity within the current floodplain, or expand the floodplain area. Actions that improve the current floodplain may include vegetation or topography modifications, wetland enhancement, and beaver restoration. Actions that expand the floodplain may include levee modification and infrastructure modification/removal or instream modification intended to encourage floodplain reconnection. Actions may also add complexity to the floodplain through wood and other habitat feature additions.",0.014462380189793077,7,6,Floodplain – Reconnect and Restore action alignment score,1
UGR8,Upper Grande Ronde,4,Riparian Vegetation Restoration,"Restoration of riparian vegetation through protection actions (e.g., riparian fencing, off-site stock water, non-native plant removal) or planting and establishment of new riparian or aquatic plants.",0.012681325600935139,7,6,Riparian Vegetation Restoration action alignment score,2
UGR8,Upper Grande Ronde,5,Fish Passage – Barrier Removal and Replacement,Removal or replacement of in-stream structures that impede fish passage and improve access for fish. Common examples include irrigation diversion structures and culvert removal or replacements. Actions in this category may address partial or full fish passage barriers,0.005682562064325508,7,6,Fish Passage – Barrier Removal and Replacement action alignment score,6
UGR8,Upper Grande Ronde,6,Instream Flow Restoration,Actions that increase flow amounts including actions such as acquiring/leasing instream flow rights or irrigation system upgrades that reduce irrigation withdrawal needs.,0.010656362979347394,7,6,Instream Flow Restoration action alignment score,4
UGR8,Upper Grande Ronde,7,"Thermal Refuge Enhancement (reconnect, expand)",Actions intended to reconnect or improve thermal refuge including spring reconnection and increase hyporheic connection. This work may also habitat enhancement like wood placement at thermal refuge features.,0.005308994452526861,7,6,"Thermal Refuge Enhancement (reconnect, expand) action alignment score",7
UGR8,Upper Grande Ronde,8,Water Quality Improvement (not including temperature),"Actions that reduce pollutant inputs or improve water quality conditions, excluding temperature. Common sources include fine sediment from roads, agricultural runoff (e.g., nutrients, E. coli from livestock), and point source discharges. Specific action types may include road grading and drainage improvements, road decommissioning or abandonment, grazing management, and reduction or mitigation of point source impacts.",0.004926737170314365,7,6,Water Quality Improvement (not including temperature) action alignment score,9
UGR8,Upper Grande Ronde,9,Nutrient Enhancement,"Addition of organic and inorganic nutrients, primarily through salmon carcass additions.",0.002364754735535217,7,6,Nutrient Enhancement action alignment score,11
UGR8,Upper Grande Ronde,10,Upland Treatments,"Actions that modify upland vegetation to improve watershed hydrology such as forest thinning. These treatments are intended to increase snow retention, improve soil moisture, and/or extend late-season flows.   Forest management to create fire resilience and forest health, with potential hydrologic and sedimentation benefits. May include invasive and weed treatment in uplands.",0.0034605640579387187,7,6,Upland Treatments action alignment score,10
UGR8,Upper Grande Ronde,11,Species Management (non-native or unnatural),"Actions that reduce predation pressure on native salmonids from non-native species or native species present at elevated levels. Targets may include piscivorous birds (e.g., cormorants), and predatory fish (e.g., bass, catfish and native pikeminnow). This category includes management of brook trout in habitats occupied by or targeted for recovery of native bull trout, where brook trout competition and hybridization pose a threat to bull trout persistence.",0.0050227753859928385,7,6,Species Management (non-native or unnatural) action alignment score,8
UGR9,Upper Grande Ronde,1,Protect Land (Easement and Acquisition),Protect land and water with positive habitat value through conservation easements or title acquisition. Does not include water acquisition or leases.,0.4953461045514326,0,6,Protect Land (Easement and Acquisition) action alignment score,5
UGR9,Upper Grande Ronde,2,Instream Complexity Improvement,"Improve the complexity of the river below the ordinary high-water mark or bankfull stage. Action types may include placing large wood or boulders, gravel augmentation, riffle construction, pool construction, or channel reconstruction including channel remeandering and realignment, and developing new channels.",0.8722190240597096,0,6,Instream Complexity Improvement action alignment score,3
UGR9,Upper Grande Ronde,3,Floodplain – Reconnect and Restore,"Actions that add complexity or improve connectivity within the current floodplain, or expand the floodplain area. Actions that improve the current floodplain may include vegetation or topography modifications, wetland enhancement, and beaver restoration. Actions that expand the floodplain may include levee modification and infrastructure modification/removal or instream modification intended to encourage floodplain reconnection. Actions may also add complexity to the floodplain through wood and other habitat feature additions.",1.038412328506944,0,6,Floodplain – Reconnect and Restore action alignment score,1
UGR9,Upper Grande Ronde,4,Riparian Vegetation Restoration,"Restoration of riparian vegetation through protection actions (e.g., riparian fencing, off-site stock water, non-native plant removal) or planting and establishment of new riparian or aquatic plants.",0.8780930594112069,0,6,Riparian Vegetation Restoration action alignment score,2
UGR9,Upper Grande Ronde,5,Fish Passage – Barrier Removal and Replacement,Removal or replacement of in-stream structures that impede fish passage and improve access for fish. Common examples include irrigation diversion structures and culvert removal or replacements. Actions in this category may address partial or full fish passage barriers,0.36564540930609835,0,6,Fish Passage – Barrier Removal and Replacement action alignment score,6
UGR9,Upper Grande Ronde,6,Instream Flow Restoration,Actions that increase flow amounts including actions such as acquiring/leasing instream flow rights or irrigation system upgrades that reduce irrigation withdrawal needs.,0.7024869200539197,0,6,Instream Flow Restoration action alignment score,4
UGR9,Upper Grande Ronde,7,"Thermal Refuge Enhancement (reconnect, expand)",Actions intended to reconnect or improve thermal refuge including spring reconnection and increase hyporheic connection. This work may also habitat enhancement like wood placement at thermal refuge features.,0.30369055250607846,0,6,"Thermal Refuge Enhancement (reconnect, expand) action alignment score",7
UGR9,Upper Grande Ronde,8,Water Quality Improvement (not including temperature),"Actions that reduce pollutant inputs or improve water quality conditions, excluding temperature. Common sources include fine sediment from roads, agricultural runoff (e.g., nutrients, E. coli from livestock), and point source discharges. Specific action types may include road grading and drainage improvements, road decommissioning or abandonment, grazing management, and reduction or mitigation of point source impacts.",0.2820624649710406,0,6,Water Quality Improvement (not including temperature) action alignment score,8
UGR9,Upper Grande Ronde,9,Nutrient Enhancement,"Addition of organic and inorganic nutrients, primarily through salmon carcass additions.",0.14115467925205433,0,6,Nutrient Enhancement action alignment score,11
UGR9,Upper Grande Ronde,10,Upland Treatments,"Actions that modify upland vegetation to improve watershed hydrology such as forest thinning. These treatments are intended to increase snow retention, improve soil moisture, and/or extend late-season flows.   Forest management to create fire resilience and forest health, with potential hydrologic and sedimentation benefits. May include invasive and weed treatment in uplands.",0.21822620400361126,0,6,Upland Treatments action alignment score,10
UGR9,Upper Grande Ronde,11,Species Management (non-native or unnatural),"Actions that reduce predation pressure on native salmonids from non-native species or native species present at elevated levels. Targets may include piscivorous birds (e.g., cormorants), and predatory fish (e.g., bass, catfish and native pikeminnow). This category includes management of brook trout in habitats occupied by or targeted for recovery of native bull trout, where brook trout competition and hybridization pose a threat to bull trout persistence.",0.27951497784792084,0,6,Species Management (non-native or unnatural) action alignment score,9
